{
  "type": "FeatureCollection",
  "name": "GeoBharat_Cadastral_Parcels",
  "crs": {
    "type": "name",
    "properties": {
      "name": "urn:ogc:def:crs:OGC:1.3:CRS84"
    }
  },
  "features": [
    {
      "type": "Feature",
      "id": "PARCEL-001",
      "properties": {
        "ulpin": "27250010045001",
        "survey_no": "45/1A",
        "village": "Wagholi",
        "taluka": "Haveli",
        "district": "Pune",
        "state": "Maharashtra",
        "record_type": "7/12 & 8A",
        "native_unit": "1 Ha 24 Ares (31 Gunthas)",
        "area_sqm": 12400,
        "area_acres": 3.064,
        "owner_name": "Ramesh Dnyandev Patil",
        "zone_type": "Residential (R-1)",
        "status": "Clear Title",
        "tax_status": "Paid",
        "encumbrance_status": "Mortgaged (SBI)",
        "dispute_status": "None",
        "health_score": 88,
        "risk_grade": "A (Low Risk)",
        "risk_factors": [
          {
            "category": "Financial",
            "severity": "Medium",
            "description": "Agricultural crop loan charge registered with SBI (\u20b925 Lakhs)."
          }
        ],
        "utilities": {
          "water_connection": true,
          "water_pipe_dia_mm": 100,
          "electricity_load_kw": 25,
          "sewage_connected": true,
          "telecom_fiber": true
        },
        "valuation": {
          "circle_rate_per_sqm": 1450,
          "market_rate_per_sqm": 2800,
          "total_valuation_inr": 17980000
        },
        "satellite_change": {
          "baseline_year": 2020,
          "current_year": 2024,
          "historical_built_sqm": 850,
          "current_built_sqm": 1420,
          "change_pct": 67,
          "unapproved_construction_flag": false,
          "encroachment_distance_m": 0,
          "detected_features": "Approved residential plinth & internal approach road"
        },
        "ownerId": "CIT-001",
        "surveyNumber": "45/1A"
      },
      "geometry": {
        "type": "Polygon",
        "coordinates": [
          [
            [
              73.978,
              18.579
            ],
            [
              73.981,
              18.5795
            ],
            [
              73.9815,
              18.5765
            ],
            [
              73.9785,
              18.576
            ],
            [
              73.978,
              18.579
            ]
          ]
        ]
      }
    },
    {
      "type": "Feature",
      "id": "PARCEL-002",
      "properties": {
        "ulpin": "27250010045002",
        "survey_no": "45/1B",
        "village": "Wagholi",
        "taluka": "Haveli",
        "district": "Pune",
        "state": "Maharashtra",
        "record_type": "7/12 & 8A",
        "native_unit": "85 Ares (21 Gunthas)",
        "area_sqm": 8500,
        "area_acres": 2.1,
        "owner_name": "Sunita Suresh Gaikwad",
        "zone_type": "Commercial (C-2)",
        "status": "Under Mutation",
        "tax_status": "Due",
        "encumbrance_status": "Clear",
        "dispute_status": "Notice Period Active",
        "health_score": 76,
        "risk_grade": "B (Moderate Risk)",
        "risk_factors": [
          {
            "category": "Revenue",
            "severity": "Medium",
            "description": "Mutation Form 9 under 15-day objection period."
          },
          {
            "category": "Taxation",
            "severity": "Low",
            "description": "Current fiscal property tax dues of \u20b968,400 pending."
          }
        ],
        "utilities": {
          "water_connection": true,
          "water_pipe_dia_mm": 150,
          "electricity_load_kw": 80,
          "sewage_connected": true,
          "telecom_fiber": true
        },
        "valuation": {
          "circle_rate_per_sqm": 3200,
          "market_rate_per_sqm": 5600,
          "total_valuation_inr": 27200000
        },
        "satellite_change": {
          "baseline_year": 2020,
          "current_year": 2024,
          "historical_built_sqm": 0,
          "current_built_sqm": 3100,
          "change_pct": 100,
          "unapproved_construction_flag": false,
          "encroachment_distance_m": 0,
          "detected_features": "Commercial site excavation & Auto-DCR permitted foundation"
        },
        "ownerId": "CIT-002",
        "surveyNumber": "45/1B"
      },
      "geometry": {
        "type": "Polygon",
        "coordinates": [
          [
            [
              73.981,
              18.5795
            ],
            [
              73.984,
              18.58
            ],
            [
              73.9845,
              18.577
            ],
            [
              73.9815,
              18.5765
            ],
            [
              73.981,
              18.5795
            ]
          ]
        ]
      }
    },
    {
      "type": "Feature",
      "id": "PARCEL-003",
      "properties": {
        "ulpin": "09030020114003",
        "survey_no": "Khasra 114/2",
        "village": "Mohanlalganj",
        "taluka": "Sarojini Nagar",
        "district": "Lucknow",
        "state": "Uttar Pradesh",
        "record_type": "Khatauni / Khasra",
        "native_unit": "3 Bigha 12 Biswa",
        "area_sqm": 9105,
        "area_acres": 2.25,
        "owner_name": "Ramashray Shambhunath Yadav",
        "zone_type": "Agricultural (Prime Crop)",
        "status": "Clear Title",
        "tax_status": "Paid",
        "encumbrance_status": "Kisan Credit Card (BoB)",
        "dispute_status": "None",
        "health_score": 92,
        "risk_grade": "A+ (Excellent)",
        "risk_factors": [
          {
            "category": "Financial",
            "severity": "Low",
            "description": "Active KCC lien \u20b96.5 Lakhs (Standard Ag facility)."
          }
        ],
        "utilities": {
          "water_connection": false,
          "water_pipe_dia_mm": 0,
          "electricity_load_kw": 10,
          "sewage_connected": false,
          "telecom_fiber": false
        },
        "valuation": {
          "circle_rate_per_sqm": 950,
          "market_rate_per_sqm": 1600,
          "total_valuation_inr": 8649750
        },
        "satellite_change": {
          "baseline_year": 2020,
          "current_year": 2024,
          "historical_built_sqm": 120,
          "current_built_sqm": 150,
          "change_pct": 25,
          "unapproved_construction_flag": false,
          "encroachment_distance_m": 0,
          "detected_features": "Borewell solar pump shed & farm boundary ridge intact"
        },
        "ownerId": "CIT-003",
        "surveyNumber": "Khasra 114/2"
      },
      "geometry": {
        "type": "Polygon",
        "coordinates": [
          [
            [
              80.982,
              26.678
            ],
            [
              80.985,
              26.6785
            ],
            [
              80.9855,
              26.6755
            ],
            [
              80.9825,
              26.675
            ],
            [
              80.982,
              26.678
            ]
          ]
        ]
      }
    },
    {
      "type": "Feature",
      "id": "PARCEL-004",
      "properties": {
        "ulpin": "09030020114004",
        "survey_no": "Khasra 115",
        "village": "Mohanlalganj",
        "taluka": "Sarojini Nagar",
        "district": "Lucknow",
        "state": "Uttar Pradesh",
        "record_type": "Khatauni / Khasra",
        "native_unit": "1 Bigha 5 Biswa",
        "area_sqm": 3162,
        "area_acres": 0.781,
        "owner_name": "Brijeshwar Awadh Sharma",
        "zone_type": "Residential (R-2)",
        "status": "Disputed",
        "tax_status": "Due",
        "encumbrance_status": "Court Injunction",
        "dispute_status": "Civil Court Case #112/2023",
        "health_score": 38,
        "risk_grade": "C (High Dispute/Encumbered)",
        "risk_factors": [
          {
            "category": "Legal",
            "severity": "Critical",
            "description": "Interim injunction order from Civil Court (OS-112-2023)."
          },
          {
            "category": "Zoning",
            "severity": "High",
            "description": "AI Satellite change flags 180 sqm unapproved boundary encroachment onto Khasra 116."
          },
          {
            "category": "Taxation",
            "severity": "Medium",
            "description": "Overdue municipal tax dues of \u20b916,800."
          }
        ],
        "utilities": {
          "water_connection": false,
          "water_pipe_dia_mm": 0,
          "electricity_load_kw": 5,
          "sewage_connected": false,
          "telecom_fiber": false
        },
        "valuation": {
          "circle_rate_per_sqm": 1800,
          "market_rate_per_sqm": 2900,
          "total_valuation_inr": 5691600
        },
        "satellite_change": {
          "baseline_year": 2020,
          "current_year": 2024,
          "historical_built_sqm": 0,
          "current_built_sqm": 620,
          "change_pct": 100,
          "unapproved_construction_flag": true,
          "encroachment_distance_m": 4.8,
          "detected_features": "UNAPPROVED SHED: Boundary shifted 4.8m into neighboring cadastral ridge"
        },
        "ownerId": "CIT-004",
        "surveyNumber": "Khasra 115"
      },
      "geometry": {
        "type": "Polygon",
        "coordinates": [
          [
            [
              80.985,
              26.6785
            ],
            [
              80.988,
              26.679
            ],
            [
              80.9885,
              26.676
            ],
            [
              80.9855,
              26.6755
            ],
            [
              80.985,
              26.6785
            ]
          ]
        ]
      }
    },
    {
      "type": "Feature",
      "id": "PARCEL-005",
      "properties": {
        "ulpin": "33010050082005",
        "survey_no": "Patta No. 428 / Old S.No 82/3",
        "village": "Sriperumbudur",
        "taluka": "Kanchipuram",
        "district": "Kanchipuram",
        "state": "Tamil Nadu",
        "record_type": "Patta / Chitta",
        "native_unit": "88 Cents (3,833 Sq. Ft / 38.3 Ares)",
        "area_sqm": 3561,
        "area_acres": 0.88,
        "owner_name": "M. Muruganathan & Lakshmi M.",
        "zone_type": "Industrial (Light Engg)",
        "status": "Clear Title",
        "tax_status": "Paid",
        "encumbrance_status": "Clear",
        "dispute_status": "None",
        "health_score": 96,
        "risk_grade": "A+ (Excellent)",
        "risk_factors": [],
        "utilities": {
          "water_connection": true,
          "water_pipe_dia_mm": 80,
          "electricity_load_kw": 120,
          "sewage_connected": true,
          "telecom_fiber": true
        },
        "valuation": {
          "circle_rate_per_sqm": 3500,
          "market_rate_per_sqm": 5200,
          "total_valuation_inr": 12463500
        },
        "satellite_change": {
          "baseline_year": 2020,
          "current_year": 2024,
          "historical_built_sqm": 1800,
          "current_built_sqm": 2900,
          "change_pct": 61.1,
          "unapproved_construction_flag": false,
          "encroachment_distance_m": 0,
          "detected_features": "Industrial shed extension fully compliant with DTCP sanction"
        },
        "pilot_location": "DoLR Pilot: Tamil Nadu (Rural/Urban)",
        "context_type": "Rural/Urban",
        "ownerId": "CIT-005",
        "surveyNumber": "Patta No. 428 / Old S.No 82/3"
      },
      "geometry": {
        "type": "Polygon",
        "coordinates": [
          [
            [
              79.942,
              12.968
            ],
            [
              79.945,
              12.9685
            ],
            [
              79.9455,
              12.9655
            ],
            [
              79.9425,
              12.965
            ],
            [
              79.942,
              12.968
            ]
          ]
        ]
      }
    },
    {
      "type": "Feature",
      "id": "PARCEL-006",
      "properties": {
        "ulpin": "33010050082006",
        "survey_no": "Patta No. 512 / S.No 83/1",
        "village": "Sriperumbudur",
        "taluka": "Kanchipuram",
        "district": "Kanchipuram",
        "state": "Tamil Nadu",
        "record_type": "Patta / Chitta",
        "native_unit": "1 Acre 12 Cents",
        "area_sqm": 4532,
        "area_acres": 1.12,
        "owner_name": "K. V. Soundararajan",
        "zone_type": "Commercial (Logistics)",
        "status": "Clear Title",
        "tax_status": "Due",
        "encumbrance_status": "Mortgaged (Canara Bank)",
        "dispute_status": "None",
        "health_score": 81,
        "risk_grade": "A (Low Risk)",
        "risk_factors": [
          {
            "category": "Financial",
            "severity": "Medium",
            "description": "MODT equitable mortgage of \u20b975 Lakhs with Canara Bank."
          }
        ],
        "utilities": {
          "water_connection": true,
          "water_pipe_dia_mm": 100,
          "electricity_load_kw": 60,
          "sewage_connected": true,
          "telecom_fiber": true
        },
        "valuation": {
          "circle_rate_per_sqm": 3100,
          "market_rate_per_sqm": 4900,
          "total_valuation_inr": 14049200
        },
        "satellite_change": {
          "baseline_year": 2020,
          "current_year": 2024,
          "historical_built_sqm": 2200,
          "current_built_sqm": 4100,
          "change_pct": 86.4,
          "unapproved_construction_flag": false,
          "encroachment_distance_m": 0,
          "detected_features": "Commercial dispatch apron and paved asphalt parking"
        },
        "ownerId": "CIT-006",
        "surveyNumber": "Patta No. 512 / S.No 83/1"
      },
      "geometry": {
        "type": "Polygon",
        "coordinates": [
          [
            [
              79.945,
              12.9685
            ],
            [
              79.9485,
              12.969
            ],
            [
              79.949,
              12.966
            ],
            [
              79.9455,
              12.9655
            ],
            [
              79.945,
              12.9685
            ]
          ]
        ]
      }
    },
    {
      "type": "Feature",
      "id": "PARCEL-007",
      "properties": {
        "ulpin": "27200040019007",
        "survey_no": "CTS 1904/A / Ward 7",
        "village": "Bandra East",
        "taluka": "Mumbai Suburban",
        "district": "Mumbai",
        "state": "Maharashtra",
        "record_type": "Urban Land Card",
        "native_unit": "850 Sq. Yards (7,650 Sq. Ft)",
        "area_sqm": 710,
        "area_acres": 0.175,
        "owner_name": "Dr. Ananya Siddharth Mehra",
        "zone_type": "Commercial (C-1)",
        "status": "Clear Title",
        "tax_status": "Paid",
        "encumbrance_status": "Clear",
        "dispute_status": "None",
        "health_score": 98,
        "risk_grade": "A+ (Excellent)",
        "risk_factors": [],
        "utilities": {
          "water_connection": true,
          "water_pipe_dia_mm": 100,
          "electricity_load_kw": 150,
          "sewage_connected": true,
          "telecom_fiber": true
        },
        "valuation": {
          "circle_rate_per_sqm": 88000,
          "market_rate_per_sqm": 145000,
          "total_valuation_inr": 62480000
        },
        "satellite_change": {
          "baseline_year": 2020,
          "current_year": 2024,
          "historical_built_sqm": 3800,
          "current_built_sqm": 3800,
          "change_pct": 0,
          "unapproved_construction_flag": false,
          "encroachment_distance_m": 0,
          "detected_features": "Stable footprint: Occupancy certificate issued B+G+12 building"
        },
        "ownerId": "CIT-007",
        "surveyNumber": "CTS 1904/A / Ward 7"
      },
      "geometry": {
        "type": "Polygon",
        "coordinates": [
          [
            [
              72.854,
              19.0625
            ],
            [
              72.8565,
              19.063
            ],
            [
              72.857,
              19.0605
            ],
            [
              72.8545,
              19.06
            ],
            [
              72.854,
              19.0625
            ]
          ]
        ]
      }
    },
    {
      "type": "Feature",
      "id": "PARCEL-008",
      "properties": {
        "ulpin": "27200040019008",
        "survey_no": "CTS 1905 / Ward 7",
        "village": "Bandra East",
        "taluka": "Mumbai Suburban",
        "district": "Mumbai",
        "state": "Maharashtra",
        "record_type": "Urban Land Card",
        "native_unit": "1,200 Sq. Yards (1,003 Sq. M)",
        "area_sqm": 1003,
        "area_acres": 0.248,
        "owner_name": "Horizon Realty Infratech LLP",
        "zone_type": "Residential (High Rise R-4)",
        "status": "Clear Title",
        "tax_status": "Paid",
        "encumbrance_status": "Construction Finance (HDFC)",
        "dispute_status": "None",
        "health_score": 85,
        "risk_grade": "A (Low Risk)",
        "risk_factors": [
          {
            "category": "Financial",
            "severity": "Medium",
            "description": "Construction finance consortium mortgage of \u20b950 Crores with HDFC Bank."
          }
        ],
        "utilities": {
          "water_connection": true,
          "water_pipe_dia_mm": 200,
          "electricity_load_kw": 400,
          "sewage_connected": true,
          "telecom_fiber": true
        },
        "valuation": {
          "circle_rate_per_sqm": 115000,
          "market_rate_per_sqm": 185000,
          "total_valuation_inr": 115345000
        },
        "satellite_change": {
          "baseline_year": 2020,
          "current_year": 2024,
          "historical_built_sqm": 1200,
          "current_built_sqm": 6800,
          "change_pct": 466.7,
          "unapproved_construction_flag": false,
          "encroachment_distance_m": 0,
          "detected_features": "Active tower construction (Floor 18) within RERA & BMC commencement certificate"
        },
        "ownerId": "CIT-008",
        "surveyNumber": "CTS 1905 / Ward 7"
      },
      "geometry": {
        "type": "Polygon",
        "coordinates": [
          [
            [
              72.8565,
              19.063
            ],
            [
              72.8595,
              19.0635
            ],
            [
              72.86,
              19.061
            ],
            [
              72.857,
              19.0605
            ],
            [
              72.8565,
              19.063
            ]
          ]
        ]
      }
    },
    {
      "type": "Feature",
      "id": "PARCEL-009",
      "properties": {
        "ulpin": "29040030018009",
        "survey_no": "Sy. No. 18/2 (RTC Pahani)",
        "village": "Deenbandhu Nagar",
        "taluka": "Bengaluru South",
        "district": "Bengaluru Urban",
        "state": "Karnataka",
        "record_type": "7/12 & 8A",
        "native_unit": "24 Gunthas (0.60 Acre)",
        "area_sqm": 2428,
        "area_acres": 0.6,
        "owner_name": "C. Jayasheela & B. Ravi Kumar",
        "zone_type": "Eco-sensitive (Lake Buffer)",
        "status": "Govt Reserved",
        "tax_status": "Due",
        "encumbrance_status": "Restricted Transfer",
        "dispute_status": "Buffer Zone Demarcation In Progress",
        "health_score": 42,
        "risk_grade": "C (High Dispute/Encumbered)",
        "risk_factors": [
          {
            "category": "Environmental",
            "severity": "Critical",
            "description": "Falls inside 75-meter NGT Lake Buffer Zone. Non-agricultural construction prohibited."
          },
          {
            "category": "Legal",
            "severity": "High",
            "description": "Government caution notice registered in Bhoomi land records."
          }
        ],
        "utilities": {
          "water_connection": false,
          "water_pipe_dia_mm": 0,
          "electricity_load_kw": 0,
          "sewage_connected": false,
          "telecom_fiber": false
        },
        "valuation": {
          "circle_rate_per_sqm": 2100,
          "market_rate_per_sqm": 4200,
          "total_valuation_inr": 5098800
        },
        "satellite_change": {
          "baseline_year": 2020,
          "current_year": 2024,
          "historical_built_sqm": 0,
          "current_built_sqm": 220,
          "change_pct": 100,
          "unapproved_construction_flag": true,
          "encroachment_distance_m": 12.5,
          "detected_features": "ENCROACHMENT ALERT: Temporary sheds erected inside strict wetland boundary"
        },
        "ownerId": "CIT-009",
        "surveyNumber": "Sy. No. 18/2 (RTC Pahani)"
      },
      "geometry": {
        "type": "Polygon",
        "coordinates": [
          [
            [
              77.642,
              12.9245
            ],
            [
              77.6455,
              12.925
            ],
            [
              77.646,
              12.922
            ],
            [
              77.6425,
              12.9215
            ],
            [
              77.642,
              12.9245
            ]
          ]
        ]
      }
    },
    {
      "type": "Feature",
      "id": "PARCEL-010",
      "properties": {
        "ulpin": "36020010077010",
        "survey_no": "Plot 77 / TSLR Block D",
        "village": "Gachibowli",
        "taluka": "Serilingampally",
        "district": "Ranga Reddy",
        "state": "Telangana",
        "record_type": "Urban Land Card",
        "native_unit": "2,400 Sq. Yards (20,066 Sq. M)",
        "area_sqm": 2006,
        "area_acres": 0.496,
        "owner_name": "Srinivas Rao K. & Vijaya Rao K.",
        "zone_type": "Commercial (IT/ITES)",
        "status": "Clear Title",
        "tax_status": "Paid",
        "encumbrance_status": "Clear",
        "dispute_status": "None",
        "health_score": 95,
        "risk_grade": "A+ (Excellent)",
        "risk_factors": [],
        "utilities": {
          "water_connection": true,
          "water_pipe_dia_mm": 150,
          "electricity_load_kw": 300,
          "sewage_connected": true,
          "telecom_fiber": true
        },
        "valuation": {
          "circle_rate_per_sqm": 19000,
          "market_rate_per_sqm": 42000,
          "total_valuation_inr": 38114000
        },
        "pilot_location": "Pan-India Expansion",
        "context_type": "Urban",
        "ownerId": "CIT-010",
        "surveyNumber": "Plot 77 / TSLR Block D"
      },
      "geometry": {
        "type": "Polygon",
        "coordinates": [
          [
            [
              78.348,
              17.4415
            ],
            [
              78.3515,
              17.442
            ],
            [
              78.352,
              17.439
            ],
            [
              78.3485,
              17.4385
            ],
            [
              78.348,
              17.4415
            ]
          ]
        ]
      }
    },
    {
      "type": "Feature",
      "id": "PARCEL-011",
      "properties": {
        "ulpin": "04010010017011",
        "survey_no": "Plot 17-C / Sector 17-D",
        "village": "Sector 17 Urban Commercial Hub",
        "taluka": "Chandigarh UT",
        "district": "Chandigarh",
        "state": "Chandigarh (Union Territory)",
        "record_type": "Urban Land Card (Chandigarh Estate Office)",
        "native_unit": "1,500 Sq. Yards (1,254 Sq. M)",
        "area_sqm": 1254,
        "area_acres": 0.31,
        "owner_name": "Sardar Gurpreet Singh & Harpreet Kaur",
        "zone_type": "Commercial (City Centre C-1)",
        "status": "Clear Title",
        "tax_status": "Paid",
        "encumbrance_status": "Clear",
        "dispute_status": "None",
        "health_score": 97,
        "risk_grade": "A+ (Excellent)",
        "risk_factors": [],
        "pilot_location": "DoLR Pilot: Chandigarh (Urban)",
        "context_type": "Urban",
        "utilities": {
          "water_connection": true,
          "water_pipe_dia_mm": 150,
          "electricity_load_kw": 180,
          "sewage_connected": true,
          "telecom_fiber": true
        },
        "valuation": {
          "circle_rate_per_sqm": 65000,
          "market_rate_per_sqm": 110000,
          "total_valuation_inr": 81510000
        },
        "satellite_change": {
          "baseline_year": 2020,
          "current_year": 2024,
          "historical_built_sqm": 3100,
          "current_built_sqm": 3100,
          "change_pct": 0,
          "unapproved_construction_flag": false,
          "encroachment_distance_m": 0,
          "detected_features": "Heritage preservation zone: Le Corbusier facade intact with zero unauthorized structural alterations"
        },
        "ownerId": "CIT-011",
        "surveyNumber": "Plot 17-C / Sector 17-D"
      },
      "geometry": {
        "type": "Polygon",
        "coordinates": [
          [
            [
              76.782,
              30.7415
            ],
            [
              76.785,
              30.742
            ],
            [
              76.7855,
              30.739
            ],
            [
              76.7825,
              30.7385
            ],
            [
              76.782,
              30.7415
            ]
          ]
        ]
      }
    },
    {
      "type": "Feature",
      "id": "PARCEL-012",
      "properties": {
        "ulpin": "29180060200796",
        "survey_no": "24/4A",
        "village": "Bannerghatta",
        "taluka": "Bengaluru South",
        "district": "Bengaluru Urban",
        "state": "Karnataka",
        "record_type": "Bhoomi RTC (Pahani)",
        "native_unit": "2.16 Acres",
        "area_sqm": 8753,
        "area_acres": 2.163,
        "owner_name": "Rajesh Murugesan Pillai",
        "zone_type": "Commercial (C-2)",
        "status": "Under Mutation",
        "tax_status": "Due",
        "encumbrance_status": "Lien Attached",
        "dispute_status": "Notice Period Active",
        "health_score": 86,
        "risk_grade": "A (Low Risk)",
        "risk_factors": [
          {
            "category": "Title",
            "severity": "Low",
            "description": "Boundary verification verified."
          }
        ],
        "utilities": {
          "water_connection": true,
          "water_pipe_dia_mm": 100,
          "electricity_load_kw": 75,
          "sewage_connected": false,
          "telecom_fiber": true
        },
        "valuation": {
          "circle_rate_per_sqm": 2939,
          "market_rate_per_sqm": 5468,
          "total_valuation_inr": 47861404
        },
        "satellite_change": {
          "baseline_year": 2020,
          "current_year": 2024,
          "historical_built_sqm": 1050,
          "current_built_sqm": 1916,
          "change_pct": 66,
          "unapproved_construction_flag": false,
          "encroachment_distance_m": 0.0,
          "detected_features": "Permitted spatial footprint matches town planning sanction."
        },
        "ownerId": "CIT-048",
        "surveyNumber": "24/4A"
      },
      "geometry": {
        "type": "Polygon",
        "coordinates": [
          [
            [
              77.572762,
              12.911899
            ],
            [
              77.575153,
              12.911921
            ],
            [
              77.574967,
              12.910077
            ],
            [
              77.572762,
              12.910249
            ],
            [
              77.572762,
              12.911899
            ]
          ]
        ]
      }
    },
    {
      "type": "Feature",
      "id": "PARCEL-013",
      "properties": {
        "ulpin": "29180060200541",
        "survey_no": "192/1A",
        "village": "Bannerghatta",
        "taluka": "Bengaluru South",
        "district": "Bengaluru Urban",
        "state": "Karnataka",
        "record_type": "Bhoomi RTC (Pahani)",
        "native_unit": "0.82 Acres",
        "area_sqm": 3312,
        "area_acres": 0.818,
        "owner_name": "Anand Venkatesh Iyer",
        "zone_type": "Residential (R-1)",
        "status": "Clear Title",
        "tax_status": "Paid",
        "encumbrance_status": "Clear",
        "dispute_status": "None",
        "health_score": 58,
        "risk_grade": "C (High Risk)",
        "risk_factors": [
          {
            "category": "Title",
            "severity": "Low",
            "description": "Boundary verification verified."
          }
        ],
        "utilities": {
          "water_connection": true,
          "water_pipe_dia_mm": 200,
          "electricity_load_kw": 15,
          "sewage_connected": true,
          "telecom_fiber": true
        },
        "valuation": {
          "circle_rate_per_sqm": 1483,
          "market_rate_per_sqm": 2972,
          "total_valuation_inr": 9843264
        },
        "satellite_change": {
          "baseline_year": 2020,
          "current_year": 2024,
          "historical_built_sqm": 397,
          "current_built_sqm": 794,
          "change_pct": 80,
          "unapproved_construction_flag": false,
          "encroachment_distance_m": 0.0,
          "detected_features": "Permitted spatial footprint matches town planning sanction."
        },
        "ownerId": "CIT-018",
        "surveyNumber": "192/1A"
      },
      "geometry": {
        "type": "Polygon",
        "coordinates": [
          [
            [
              77.59818,
              12.903887
            ],
            [
              77.601662,
              12.904084
            ],
            [
              77.6019,
              12.901578
            ],
            [
              77.59818,
              12.901619
            ],
            [
              77.59818,
              12.903887
            ]
          ]
        ]
      }
    },
    {
      "type": "Feature",
      "id": "PARCEL-014",
      "properties": {
        "ulpin": "09030020115808",
        "survey_no": "47/1",
        "village": "Chinhat",
        "taluka": "Sarojini Nagar",
        "district": "Lucknow",
        "state": "Uttar Pradesh",
        "record_type": "Khatauni (Khasra & Khatauni)",
        "native_unit": "0.47 Acres",
        "area_sqm": 1906,
        "area_acres": 0.471,
        "owner_name": "Manpreet Jaswant Kaur",
        "zone_type": "Commercial (C-1)",
        "status": "Clear Title",
        "tax_status": "Paid",
        "encumbrance_status": "Clear",
        "dispute_status": "None",
        "health_score": 71,
        "risk_grade": "B (Moderate Risk)",
        "risk_factors": [
          {
            "category": "Title",
            "severity": "Low",
            "description": "Boundary verification verified."
          }
        ],
        "utilities": {
          "water_connection": false,
          "water_pipe_dia_mm": 150,
          "electricity_load_kw": 25,
          "sewage_connected": true,
          "telecom_fiber": true
        },
        "valuation": {
          "circle_rate_per_sqm": 1688,
          "market_rate_per_sqm": 3659,
          "total_valuation_inr": 6974054
        },
        "satellite_change": {
          "baseline_year": 2020,
          "current_year": 2024,
          "historical_built_sqm": 228,
          "current_built_sqm": 345,
          "change_pct": 41,
          "unapproved_construction_flag": false,
          "encroachment_distance_m": 0.0,
          "detected_features": "Permitted spatial footprint matches town planning sanction."
        },
        "ownerId": "CIT-045",
        "surveyNumber": "47/1"
      },
      "geometry": {
        "type": "Polygon",
        "coordinates": [
          [
            [
              80.937519,
              26.85446
            ],
            [
              80.939576,
              26.854655
            ],
            [
              80.93933,
              26.852845
            ],
            [
              80.937519,
              26.853108
            ],
            [
              80.937519,
              26.85446
            ]
          ]
        ]
      }
    },
    {
      "type": "Feature",
      "id": "PARCEL-015",
      "properties": {
        "ulpin": "33010050083944",
        "survey_no": "163/3",
        "village": "Oragadam",
        "taluka": "Sriperumbudur",
        "district": "Kanchipuram",
        "state": "Tamil Nadu",
        "record_type": "Patta & Chitta (e-Patta)",
        "native_unit": "1.36 Acres",
        "area_sqm": 5521,
        "area_acres": 1.364,
        "owner_name": "Awadhesh Kumar Shukla",
        "zone_type": "Industrial (I-1)",
        "status": "Clear Title",
        "tax_status": "Paid",
        "encumbrance_status": "Lien Attached",
        "dispute_status": "None",
        "health_score": 87,
        "risk_grade": "A (Low Risk)",
        "risk_factors": [
          {
            "category": "Title",
            "severity": "Low",
            "description": "Boundary verification verified."
          }
        ],
        "utilities": {
          "water_connection": false,
          "water_pipe_dia_mm": 100,
          "electricity_load_kw": 50,
          "sewage_connected": true,
          "telecom_fiber": true
        },
        "valuation": {
          "circle_rate_per_sqm": 4030,
          "market_rate_per_sqm": 9472,
          "total_valuation_inr": 52294912
        },
        "satellite_change": {
          "baseline_year": 2020,
          "current_year": 2024,
          "historical_built_sqm": 662,
          "current_built_sqm": 753,
          "change_pct": 11,
          "unapproved_construction_flag": false,
          "encroachment_distance_m": 0.0,
          "detected_features": "Permitted spatial footprint matches town planning sanction."
        },
        "ownerId": "CIT-026",
        "surveyNumber": "163/3"
      },
      "geometry": {
        "type": "Polygon",
        "coordinates": [
          [
            [
              80.04504,
              12.909708
            ],
            [
              80.046981,
              12.909448
            ],
            [
              80.04677,
              12.908099
            ],
            [
              80.04504,
              12.907872
            ],
            [
              80.04504,
              12.909708
            ]
          ]
        ]
      }
    },
    {
      "type": "Feature",
      "id": "PARCEL-016",
      "properties": {
        "ulpin": "09030020114846",
        "survey_no": "124/2B",
        "village": "Jankipuram",
        "taluka": "Sarojini Nagar",
        "district": "Lucknow",
        "state": "Uttar Pradesh",
        "record_type": "Khatauni (Khasra & Khatauni)",
        "native_unit": "1.02 Acres",
        "area_sqm": 4149,
        "area_acres": 1.025,
        "owner_name": "Ravi Bhanu Pandey",
        "zone_type": "Residential (R-1)",
        "status": "Clear Title",
        "tax_status": "Paid",
        "encumbrance_status": "Clear",
        "dispute_status": "None",
        "health_score": 56,
        "risk_grade": "C (High Risk)",
        "risk_factors": [
          {
            "category": "Title",
            "severity": "Low",
            "description": "Boundary verification verified."
          }
        ],
        "utilities": {
          "water_connection": false,
          "water_pipe_dia_mm": 100,
          "electricity_load_kw": 15,
          "sewage_connected": false,
          "telecom_fiber": true
        },
        "valuation": {
          "circle_rate_per_sqm": 1475,
          "market_rate_per_sqm": 3661,
          "total_valuation_inr": 15189489
        },
        "satellite_change": {
          "baseline_year": 2020,
          "current_year": 2024,
          "historical_built_sqm": 497,
          "current_built_sqm": 703,
          "change_pct": 33,
          "unapproved_construction_flag": false,
          "encroachment_distance_m": 0.0,
          "detected_features": "Permitted spatial footprint matches town planning sanction."
        },
        "ownerId": "CIT-087",
        "surveyNumber": "124/2B"
      },
      "geometry": {
        "type": "Polygon",
        "coordinates": [
          [
            [
              80.969178,
              26.843258
            ],
            [
              80.970795,
              26.843205
            ],
            [
              80.970766,
              26.839914
            ],
            [
              80.969178,
              26.839778
            ],
            [
              80.969178,
              26.843258
            ]
          ]
        ]
      }
    },
    {
      "type": "Feature",
      "id": "PARCEL-017",
      "properties": {
        "ulpin": "27250010046554",
        "survey_no": "148/1",
        "village": "Kesnand",
        "taluka": "Haveli",
        "district": "Pune",
        "state": "Maharashtra",
        "record_type": "7/12 & 8A",
        "native_unit": "0.36 Ha (35.8 Gunthas)",
        "area_sqm": 3618,
        "area_acres": 0.894,
        "owner_name": "Manoj Kailash Yadav",
        "zone_type": "Commercial (C-2)",
        "status": "Disputed",
        "tax_status": "Paid",
        "encumbrance_status": "Lien Attached",
        "dispute_status": "Civil Suit #2023/81",
        "health_score": 84,
        "risk_grade": "A (Low Risk)",
        "risk_factors": [
          {
            "category": "Title",
            "severity": "High",
            "description": "Boundary verification verified."
          }
        ],
        "utilities": {
          "water_connection": true,
          "water_pipe_dia_mm": 200,
          "electricity_load_kw": 15,
          "sewage_connected": false,
          "telecom_fiber": true
        },
        "valuation": {
          "circle_rate_per_sqm": 6011,
          "market_rate_per_sqm": 14998,
          "total_valuation_inr": 54262764
        },
        "satellite_change": {
          "baseline_year": 2020,
          "current_year": 2024,
          "historical_built_sqm": 434,
          "current_built_sqm": 868,
          "change_pct": 80,
          "unapproved_construction_flag": true,
          "encroachment_distance_m": 5.7,
          "detected_features": "Unauthorized setback encroachment flagged"
        },
        "ownerId": "CIT-075",
        "surveyNumber": "148/1"
      },
      "geometry": {
        "type": "Polygon",
        "coordinates": [
          [
            [
              73.969595,
              18.586964
            ],
            [
              73.973067,
              18.587201
            ],
            [
              73.973332,
              18.58519
            ],
            [
              73.969595,
              18.585366
            ],
            [
              73.969595,
              18.586964
            ]
          ]
        ]
      }
    },
    {
      "type": "Feature",
      "id": "PARCEL-018",
      "properties": {
        "ulpin": "09030020115172",
        "survey_no": "187/3",
        "village": "Chinhat",
        "taluka": "Sarojini Nagar",
        "district": "Lucknow",
        "state": "Uttar Pradesh",
        "record_type": "Khatauni (Khasra & Khatauni)",
        "native_unit": "1.15 Acres",
        "area_sqm": 4653,
        "area_acres": 1.15,
        "owner_name": "Ajay Baburao Suryavanshi",
        "zone_type": "Residential (R-1)",
        "status": "Clear Title",
        "tax_status": "Paid",
        "encumbrance_status": "Lien Attached",
        "dispute_status": "None",
        "health_score": 69,
        "risk_grade": "B (Moderate Risk)",
        "risk_factors": [
          {
            "category": "Title",
            "severity": "Low",
            "description": "Boundary verification verified."
          }
        ],
        "utilities": {
          "water_connection": true,
          "water_pipe_dia_mm": 100,
          "electricity_load_kw": 75,
          "sewage_connected": true,
          "telecom_fiber": true
        },
        "valuation": {
          "circle_rate_per_sqm": 2558,
          "market_rate_per_sqm": 6171,
          "total_valuation_inr": 28713663
        },
        "satellite_change": {
          "baseline_year": 2020,
          "current_year": 2024,
          "historical_built_sqm": 558,
          "current_built_sqm": 690,
          "change_pct": 19,
          "unapproved_construction_flag": false,
          "encroachment_distance_m": 0.0,
          "detected_features": "Permitted spatial footprint matches town planning sanction."
        },
        "ownerId": "CIT-035",
        "surveyNumber": "187/3"
      },
      "geometry": {
        "type": "Polygon",
        "coordinates": [
          [
            [
              80.947919,
              26.839421
            ],
            [
              80.951126,
              26.839673
            ],
            [
              80.951279,
              26.837618
            ],
            [
              80.947919,
              26.83788
            ],
            [
              80.947919,
              26.839421
            ]
          ]
        ]
      }
    },
    {
      "type": "Feature",
      "id": "PARCEL-019",
      "properties": {
        "ulpin": "09030020117775",
        "survey_no": "108/2",
        "village": "Malihabad",
        "taluka": "Sarojini Nagar",
        "district": "Lucknow",
        "state": "Uttar Pradesh",
        "record_type": "Khatauni (Khasra & Khatauni)",
        "native_unit": "3.33 Acres",
        "area_sqm": 13496,
        "area_acres": 3.335,
        "owner_name": "Mahesh Vishnu Deshmukh",
        "zone_type": "Agricultural (A-1)",
        "status": "Under Mutation",
        "tax_status": "Due",
        "encumbrance_status": "Lien Attached",
        "dispute_status": "Notice Period Active",
        "health_score": 50,
        "risk_grade": "C (High Risk)",
        "risk_factors": [
          {
            "category": "Title",
            "severity": "Low",
            "description": "Boundary verification verified."
          }
        ],
        "utilities": {
          "water_connection": true,
          "water_pipe_dia_mm": 150,
          "electricity_load_kw": 15,
          "sewage_connected": true,
          "telecom_fiber": true
        },
        "valuation": {
          "circle_rate_per_sqm": 4952,
          "market_rate_per_sqm": 11210,
          "total_valuation_inr": 151290160
        },
        "satellite_change": {
          "baseline_year": 2020,
          "current_year": 2024,
          "historical_built_sqm": 1619,
          "current_built_sqm": 1639,
          "change_pct": 1,
          "unapproved_construction_flag": false,
          "encroachment_distance_m": 0.0,
          "detected_features": "Permitted spatial footprint matches town planning sanction."
        },
        "ownerId": "CIT-010",
        "surveyNumber": "108/2"
      },
      "geometry": {
        "type": "Polygon",
        "coordinates": [
          [
            [
              80.962492,
              26.868983
            ],
            [
              80.965335,
              26.868738
            ],
            [
              80.965432,
              26.867372
            ],
            [
              80.962492,
              26.867295
            ],
            [
              80.962492,
              26.868983
            ]
          ]
        ]
      }
    },
    {
      "type": "Feature",
      "id": "PARCEL-020",
      "properties": {
        "ulpin": "09030020115865",
        "survey_no": "113/2",
        "village": "Chinhat",
        "taluka": "Sarojini Nagar",
        "district": "Lucknow",
        "state": "Uttar Pradesh",
        "record_type": "Khatauni (Khasra & Khatauni)",
        "native_unit": "3.92 Acres",
        "area_sqm": 15868,
        "area_acres": 3.921,
        "owner_name": "Gurpreet Balwinder Dhillon",
        "zone_type": "Commercial (C-1)",
        "status": "Under Mutation",
        "tax_status": "Due",
        "encumbrance_status": "Lien Attached",
        "dispute_status": "Notice Period Active",
        "health_score": 66,
        "risk_grade": "B (Moderate Risk)",
        "risk_factors": [
          {
            "category": "Title",
            "severity": "Low",
            "description": "Boundary verification verified."
          }
        ],
        "utilities": {
          "water_connection": true,
          "water_pipe_dia_mm": 150,
          "electricity_load_kw": 75,
          "sewage_connected": true,
          "telecom_fiber": true
        },
        "valuation": {
          "circle_rate_per_sqm": 3093,
          "market_rate_per_sqm": 6150,
          "total_valuation_inr": 97588200
        },
        "satellite_change": {
          "baseline_year": 2020,
          "current_year": 2024,
          "historical_built_sqm": 1904,
          "current_built_sqm": 4141,
          "change_pct": 94,
          "unapproved_construction_flag": false,
          "encroachment_distance_m": 0.0,
          "detected_features": "Permitted spatial footprint matches town planning sanction."
        },
        "ownerId": "CIT-027",
        "surveyNumber": "113/2"
      },
      "geometry": {
        "type": "Polygon",
        "coordinates": [
          [
            [
              80.922338,
              26.862947
            ],
            [
              80.925264,
              26.862654
            ],
            [
              80.925382,
              26.860386
            ],
            [
              80.922338,
              26.860258
            ],
            [
              80.922338,
              26.862947
            ]
          ]
        ]
      }
    },
    {
      "type": "Feature",
      "id": "PARCEL-021",
      "properties": {
        "ulpin": "09030020114814",
        "survey_no": "194/3",
        "village": "Jankipuram",
        "taluka": "Sarojini Nagar",
        "district": "Lucknow",
        "state": "Uttar Pradesh",
        "record_type": "Khatauni (Khasra & Khatauni)",
        "native_unit": "0.90 Acres",
        "area_sqm": 3633,
        "area_acres": 0.898,
        "owner_name": "Gurpreet Balwinder Dhillon",
        "zone_type": "Mixed Use (MU)",
        "status": "Disputed",
        "tax_status": "Partially Paid",
        "encumbrance_status": "Lien Attached",
        "dispute_status": "Civil Suit #2023/81",
        "health_score": 74,
        "risk_grade": "B (Moderate Risk)",
        "risk_factors": [
          {
            "category": "Title",
            "severity": "High",
            "description": "Boundary verification verified."
          }
        ],
        "utilities": {
          "water_connection": false,
          "water_pipe_dia_mm": 200,
          "electricity_load_kw": 25,
          "sewage_connected": true,
          "telecom_fiber": true
        },
        "valuation": {
          "circle_rate_per_sqm": 1646,
          "market_rate_per_sqm": 3168,
          "total_valuation_inr": 11509344
        },
        "satellite_change": {
          "baseline_year": 2020,
          "current_year": 2024,
          "historical_built_sqm": 435,
          "current_built_sqm": 523,
          "change_pct": 16,
          "unapproved_construction_flag": true,
          "encroachment_distance_m": 2.4,
          "detected_features": "Unauthorized setback encroachment flagged"
        },
        "ownerId": "CIT-016",
        "surveyNumber": "194/3"
      },
      "geometry": {
        "type": "Polygon",
        "coordinates": [
          [
            [
              80.92516,
              26.861742
            ],
            [
              80.9283,
              26.861537
            ],
            [
              80.928076,
              26.859902
            ],
            [
              80.92516,
              26.860035
            ],
            [
              80.92516,
              26.861742
            ]
          ]
        ]
      }
    },
    {
      "type": "Feature",
      "id": "PARCEL-022",
      "properties": {
        "ulpin": "27250010046552",
        "survey_no": "76/2",
        "village": "Kesnand",
        "taluka": "Haveli",
        "district": "Pune",
        "state": "Maharashtra",
        "record_type": "7/12 & 8A",
        "native_unit": "0.33 Ha (32.9 Gunthas)",
        "area_sqm": 3330,
        "area_acres": 0.823,
        "owner_name": "Brijesh Ramakant Tiwari",
        "zone_type": "Residential (R-1)",
        "status": "Clear Title",
        "tax_status": "Paid",
        "encumbrance_status": "Clear",
        "dispute_status": "None",
        "health_score": 65,
        "risk_grade": "B (Moderate Risk)",
        "risk_factors": [
          {
            "category": "Title",
            "severity": "Low",
            "description": "Boundary verification verified."
          }
        ],
        "utilities": {
          "water_connection": false,
          "water_pipe_dia_mm": 150,
          "electricity_load_kw": 50,
          "sewage_connected": true,
          "telecom_fiber": true
        },
        "valuation": {
          "circle_rate_per_sqm": 3386,
          "market_rate_per_sqm": 5832,
          "total_valuation_inr": 19420560
        },
        "satellite_change": {
          "baseline_year": 2020,
          "current_year": 2024,
          "historical_built_sqm": 399,
          "current_built_sqm": 844,
          "change_pct": 89,
          "unapproved_construction_flag": false,
          "encroachment_distance_m": 0.0,
          "detected_features": "Permitted spatial footprint matches town planning sanction."
        },
        "ownerId": "CIT-083",
        "surveyNumber": "76/2"
      },
      "geometry": {
        "type": "Polygon",
        "coordinates": [
          [
            [
              73.967966,
              18.594337
            ],
            [
              73.971286,
              18.594185
            ],
            [
              73.971504,
              18.591397
            ],
            [
              73.967966,
              18.59129
            ],
            [
              73.967966,
              18.594337
            ]
          ]
        ]
      }
    },
    {
      "type": "Feature",
      "id": "PARCEL-023",
      "properties": {
        "ulpin": "09030020117378",
        "survey_no": "159/2",
        "village": "Malihabad",
        "taluka": "Sarojini Nagar",
        "district": "Lucknow",
        "state": "Uttar Pradesh",
        "record_type": "Khatauni (Khasra & Khatauni)",
        "native_unit": "3.84 Acres",
        "area_sqm": 15555,
        "area_acres": 3.844,
        "owner_name": "Sridhar Ramasamy Gounder",
        "zone_type": "Commercial (C-1)",
        "status": "Clear Title",
        "tax_status": "Paid",
        "encumbrance_status": "Lien Attached",
        "dispute_status": "None",
        "health_score": 91,
        "risk_grade": "A (Low Risk)",
        "risk_factors": [
          {
            "category": "Title",
            "severity": "Low",
            "description": "Boundary verification verified."
          }
        ],
        "utilities": {
          "water_connection": false,
          "water_pipe_dia_mm": 200,
          "electricity_load_kw": 50,
          "sewage_connected": true,
          "telecom_fiber": true
        },
        "valuation": {
          "circle_rate_per_sqm": 4447,
          "market_rate_per_sqm": 11684,
          "total_valuation_inr": 181744620
        },
        "satellite_change": {
          "baseline_year": 2020,
          "current_year": 2024,
          "historical_built_sqm": 1866,
          "current_built_sqm": 2729,
          "change_pct": 37,
          "unapproved_construction_flag": false,
          "encroachment_distance_m": 0.0,
          "detected_features": "Permitted spatial footprint matches town planning sanction."
        },
        "ownerId": "CIT-032",
        "surveyNumber": "159/2"
      },
      "geometry": {
        "type": "Polygon",
        "coordinates": [
          [
            [
              80.928774,
              26.820581
            ],
            [
              80.931465,
              26.820524
            ],
            [
              80.931719,
              26.818824
            ],
            [
              80.928774,
              26.818893
            ],
            [
              80.928774,
              26.820581
            ]
          ]
        ]
      }
    },
    {
      "type": "Feature",
      "id": "PARCEL-024",
      "properties": {
        "ulpin": "09030020117666",
        "survey_no": "119/4A",
        "village": "Malihabad",
        "taluka": "Sarojini Nagar",
        "district": "Lucknow",
        "state": "Uttar Pradesh",
        "record_type": "Khatauni (Khasra & Khatauni)",
        "native_unit": "1.61 Acres",
        "area_sqm": 6498,
        "area_acres": 1.606,
        "owner_name": "Sanjay Dattatraya Jadhav",
        "zone_type": "Eco-sensitive",
        "status": "Clear Title",
        "tax_status": "Paid",
        "encumbrance_status": "Lien Attached",
        "dispute_status": "None",
        "health_score": 95,
        "risk_grade": "A (Low Risk)",
        "risk_factors": [
          {
            "category": "Title",
            "severity": "Low",
            "description": "Boundary verification verified."
          }
        ],
        "utilities": {
          "water_connection": false,
          "water_pipe_dia_mm": 100,
          "electricity_load_kw": 25,
          "sewage_connected": false,
          "telecom_fiber": true
        },
        "valuation": {
          "circle_rate_per_sqm": 5195,
          "market_rate_per_sqm": 7559,
          "total_valuation_inr": 49118382
        },
        "satellite_change": {
          "baseline_year": 2020,
          "current_year": 2024,
          "historical_built_sqm": 779,
          "current_built_sqm": 1023,
          "change_pct": 25,
          "unapproved_construction_flag": false,
          "encroachment_distance_m": 0.0,
          "detected_features": "Permitted spatial footprint matches town planning sanction."
        },
        "ownerId": "CIT-044",
        "surveyNumber": "119/4A"
      },
      "geometry": {
        "type": "Polygon",
        "coordinates": [
          [
            [
              80.937381,
              26.823614
            ],
            [
              80.939019,
              26.823363
            ],
            [
              80.93921,
              26.821459
            ],
            [
              80.937381,
              26.821386
            ],
            [
              80.937381,
              26.823614
            ]
          ]
        ]
      }
    },
    {
      "type": "Feature",
      "id": "PARCEL-025",
      "properties": {
        "ulpin": "33010050084533",
        "survey_no": "183/3",
        "village": "Tambaram",
        "taluka": "Sriperumbudur",
        "district": "Kanchipuram",
        "state": "Tamil Nadu",
        "record_type": "Patta & Chitta (e-Patta)",
        "native_unit": "1.45 Acres",
        "area_sqm": 5855,
        "area_acres": 1.447,
        "owner_name": "Murugan Palaniswamy Chettiar",
        "zone_type": "Commercial (C-2)",
        "status": "Clear Title",
        "tax_status": "Paid",
        "encumbrance_status": "Lien Attached",
        "dispute_status": "None",
        "health_score": 85,
        "risk_grade": "A (Low Risk)",
        "risk_factors": [
          {
            "category": "Title",
            "severity": "Low",
            "description": "Boundary verification verified."
          }
        ],
        "utilities": {
          "water_connection": true,
          "water_pipe_dia_mm": 100,
          "electricity_load_kw": 15,
          "sewage_connected": true,
          "telecom_fiber": true
        },
        "valuation": {
          "circle_rate_per_sqm": 4238,
          "market_rate_per_sqm": 11838,
          "total_valuation_inr": 69311490
        },
        "satellite_change": {
          "baseline_year": 2020,
          "current_year": 2024,
          "historical_built_sqm": 702,
          "current_built_sqm": 1220,
          "change_pct": 59,
          "unapproved_construction_flag": false,
          "encroachment_distance_m": 0.0,
          "detected_features": "Permitted spatial footprint matches town planning sanction."
        },
        "ownerId": "CIT-046",
        "surveyNumber": "183/3"
      },
      "geometry": {
        "type": "Polygon",
        "coordinates": [
          [
            [
              80.063064,
              12.874778
            ],
            [
              80.064713,
              12.874887
            ],
            [
              80.064599,
              12.871714
            ],
            [
              80.063064,
              12.871598
            ],
            [
              80.063064,
              12.874778
            ]
          ]
        ]
      }
    },
    {
      "type": "Feature",
      "id": "PARCEL-026",
      "properties": {
        "ulpin": "27250010045435",
        "survey_no": "132/5",
        "village": "Wagholi",
        "taluka": "Haveli",
        "district": "Pune",
        "state": "Maharashtra",
        "record_type": "7/12 & 8A",
        "native_unit": "0.11 Ha (11.2 Gunthas)",
        "area_sqm": 1133,
        "area_acres": 0.28,
        "owner_name": "Awadhesh Kumar Shukla",
        "zone_type": "Residential (R-2)",
        "status": "Clear Title",
        "tax_status": "Paid",
        "encumbrance_status": "Lien Attached",
        "dispute_status": "None",
        "health_score": 84,
        "risk_grade": "A (Low Risk)",
        "risk_factors": [
          {
            "category": "Title",
            "severity": "Low",
            "description": "Boundary verification verified."
          }
        ],
        "utilities": {
          "water_connection": true,
          "water_pipe_dia_mm": 150,
          "electricity_load_kw": 50,
          "sewage_connected": true,
          "telecom_fiber": true
        },
        "valuation": {
          "circle_rate_per_sqm": 3045,
          "market_rate_per_sqm": 6346,
          "total_valuation_inr": 7190018
        },
        "satellite_change": {
          "baseline_year": 2020,
          "current_year": 2024,
          "historical_built_sqm": 135,
          "current_built_sqm": 261,
          "change_pct": 74,
          "unapproved_construction_flag": false,
          "encroachment_distance_m": 0.0,
          "detected_features": "Permitted spatial footprint matches town planning sanction."
        },
        "ownerId": "CIT-021",
        "surveyNumber": "132/5"
      },
      "geometry": {
        "type": "Polygon",
        "coordinates": [
          [
            [
              73.986037,
              18.555508
            ],
            [
              73.988589,
              18.555377
            ],
            [
              73.988738,
              18.553685
            ],
            [
              73.986037,
              18.553875
            ],
            [
              73.986037,
              18.555508
            ]
          ]
        ]
      }
    },
    {
      "type": "Feature",
      "id": "PARCEL-027",
      "properties": {
        "ulpin": "04010010016771",
        "survey_no": "151/2",
        "village": "Manimajra",
        "taluka": "Chandigarh",
        "district": "Chandigarh",
        "state": "Chandigarh",
        "record_type": "PR Card (Property Register Card)",
        "native_unit": "3.15 Acres",
        "area_sqm": 12755,
        "area_acres": 3.152,
        "owner_name": "Manpreet Jaswant Kaur",
        "zone_type": "Commercial (C-1)",
        "status": "Clear Title",
        "tax_status": "Paid",
        "encumbrance_status": "Clear",
        "dispute_status": "None",
        "health_score": 63,
        "risk_grade": "B (Moderate Risk)",
        "risk_factors": [
          {
            "category": "Title",
            "severity": "Low",
            "description": "Boundary verification verified."
          }
        ],
        "utilities": {
          "water_connection": true,
          "water_pipe_dia_mm": 200,
          "electricity_load_kw": 25,
          "sewage_connected": false,
          "telecom_fiber": true
        },
        "valuation": {
          "circle_rate_per_sqm": 4395,
          "market_rate_per_sqm": 7080,
          "total_valuation_inr": 90305400
        },
        "satellite_change": {
          "baseline_year": 2020,
          "current_year": 2024,
          "historical_built_sqm": 1530,
          "current_built_sqm": 2181,
          "change_pct": 34,
          "unapproved_construction_flag": true,
          "encroachment_distance_m": 4.0,
          "detected_features": "Unauthorized setback encroachment flagged"
        },
        "ownerId": "CIT-080",
        "surveyNumber": "151/2"
      },
      "geometry": {
        "type": "Polygon",
        "coordinates": [
          [
            [
              76.797192,
              30.718812
            ],
            [
              76.799354,
              30.718812
            ],
            [
              76.799101,
              30.716259
            ],
            [
              76.797192,
              30.716018
            ],
            [
              76.797192,
              30.718812
            ]
          ]
        ]
      }
    },
    {
      "type": "Feature",
      "id": "PARCEL-028",
      "properties": {
        "ulpin": "09030020117408",
        "survey_no": "43/1",
        "village": "Malihabad",
        "taluka": "Sarojini Nagar",
        "district": "Lucknow",
        "state": "Uttar Pradesh",
        "record_type": "Khatauni (Khasra & Khatauni)",
        "native_unit": "3.63 Acres",
        "area_sqm": 14704,
        "area_acres": 3.633,
        "owner_name": "Sanjay Dattatraya Jadhav",
        "zone_type": "Commercial (C-2)",
        "status": "Under Mutation",
        "tax_status": "Paid",
        "encumbrance_status": "Lien Attached",
        "dispute_status": "Notice Period Active",
        "health_score": 89,
        "risk_grade": "A (Low Risk)",
        "risk_factors": [
          {
            "category": "Title",
            "severity": "Low",
            "description": "Boundary verification verified."
          }
        ],
        "utilities": {
          "water_connection": true,
          "water_pipe_dia_mm": 200,
          "electricity_load_kw": 15,
          "sewage_connected": true,
          "telecom_fiber": true
        },
        "valuation": {
          "circle_rate_per_sqm": 5766,
          "market_rate_per_sqm": 11684,
          "total_valuation_inr": 171801536
        },
        "satellite_change": {
          "baseline_year": 2020,
          "current_year": 2024,
          "historical_built_sqm": 1764,
          "current_built_sqm": 3330,
          "change_pct": 71,
          "unapproved_construction_flag": false,
          "encroachment_distance_m": 0.0,
          "detected_features": "Permitted spatial footprint matches town planning sanction."
        },
        "ownerId": "CIT-014",
        "surveyNumber": "43/1"
      },
      "geometry": {
        "type": "Polygon",
        "coordinates": [
          [
            [
              80.969762,
              26.867186
            ],
            [
              80.971982,
              26.866926
            ],
            [
              80.971873,
              26.864289
            ],
            [
              80.969762,
              26.864096
            ],
            [
              80.969762,
              26.867186
            ]
          ]
        ]
      }
    },
    {
      "type": "Feature",
      "id": "PARCEL-029",
      "properties": {
        "ulpin": "33010050082726",
        "survey_no": "51/4A",
        "village": "Perungalathur",
        "taluka": "Sriperumbudur",
        "district": "Kanchipuram",
        "state": "Tamil Nadu",
        "record_type": "Patta & Chitta (e-Patta)",
        "native_unit": "2.65 Acres",
        "area_sqm": 10723,
        "area_acres": 2.65,
        "owner_name": "Praveen Suresh Bhat",
        "zone_type": "Industrial (I-1)",
        "status": "Mortgaged",
        "tax_status": "Paid",
        "encumbrance_status": "Mortgaged (SBI / HDFC)",
        "dispute_status": "None",
        "health_score": 71,
        "risk_grade": "B (Moderate Risk)",
        "risk_factors": [
          {
            "category": "Title",
            "severity": "Low",
            "description": "Boundary verification verified."
          }
        ],
        "utilities": {
          "water_connection": true,
          "water_pipe_dia_mm": 150,
          "electricity_load_kw": 75,
          "sewage_connected": false,
          "telecom_fiber": true
        },
        "valuation": {
          "circle_rate_per_sqm": 3147,
          "market_rate_per_sqm": 5819,
          "total_valuation_inr": 62397137
        },
        "satellite_change": {
          "baseline_year": 2020,
          "current_year": 2024,
          "historical_built_sqm": 1286,
          "current_built_sqm": 1688,
          "change_pct": 25,
          "unapproved_construction_flag": false,
          "encroachment_distance_m": 0.0,
          "detected_features": "Permitted spatial footprint matches town planning sanction."
        },
        "ownerId": "CIT-081",
        "surveyNumber": "51/4A"
      },
      "geometry": {
        "type": "Polygon",
        "coordinates": [
          [
            [
              80.056311,
              12.872401
            ],
            [
              80.059293,
              12.872498
            ],
            [
              80.059321,
              12.87005
            ],
            [
              80.056311,
              12.87024
            ],
            [
              80.056311,
              12.872401
            ]
          ]
        ]
      }
    },
    {
      "type": "Feature",
      "id": "PARCEL-030",
      "properties": {
        "ulpin": "09030020117392",
        "survey_no": "164/3",
        "village": "Malihabad",
        "taluka": "Sarojini Nagar",
        "district": "Lucknow",
        "state": "Uttar Pradesh",
        "record_type": "Khatauni (Khasra & Khatauni)",
        "native_unit": "1.16 Acres",
        "area_sqm": 4685,
        "area_acres": 1.158,
        "owner_name": "Murugan Palaniswamy Chettiar",
        "zone_type": "Eco-sensitive",
        "status": "Clear Title",
        "tax_status": "Paid",
        "encumbrance_status": "Clear",
        "dispute_status": "None",
        "health_score": 69,
        "risk_grade": "B (Moderate Risk)",
        "risk_factors": [
          {
            "category": "Title",
            "severity": "Low",
            "description": "Boundary verification verified."
          }
        ],
        "utilities": {
          "water_connection": true,
          "water_pipe_dia_mm": 200,
          "electricity_load_kw": 75,
          "sewage_connected": false,
          "telecom_fiber": true
        },
        "valuation": {
          "circle_rate_per_sqm": 5502,
          "market_rate_per_sqm": 7980,
          "total_valuation_inr": 37386300
        },
        "satellite_change": {
          "baseline_year": 2020,
          "current_year": 2024,
          "historical_built_sqm": 562,
          "current_built_sqm": 562,
          "change_pct": 0,
          "unapproved_construction_flag": false,
          "encroachment_distance_m": 0.0,
          "detected_features": "Permitted spatial footprint matches town planning sanction."
        },
        "ownerId": "CIT-078",
        "surveyNumber": "164/3"
      },
      "geometry": {
        "type": "Polygon",
        "coordinates": [
          [
            [
              80.955062,
              26.86739
            ],
            [
              80.95741,
              26.867517
            ],
            [
              80.95726,
              26.864039
            ],
            [
              80.955062,
              26.864294
            ],
            [
              80.955062,
              26.86739
            ]
          ]
        ]
      }
    },
    {
      "type": "Feature",
      "id": "PARCEL-031",
      "properties": {
        "ulpin": "33010050083438",
        "survey_no": "69/2B",
        "village": "Oragadam",
        "taluka": "Sriperumbudur",
        "district": "Kanchipuram",
        "state": "Tamil Nadu",
        "record_type": "Patta & Chitta (e-Patta)",
        "native_unit": "0.99 Acres",
        "area_sqm": 4007,
        "area_acres": 0.99,
        "owner_name": "Sanjay Dattatraya Jadhav",
        "zone_type": "Eco-sensitive",
        "status": "Disputed",
        "tax_status": "Due",
        "encumbrance_status": "Lien Attached",
        "dispute_status": "Civil Suit #2023/81",
        "health_score": 64,
        "risk_grade": "B (Moderate Risk)",
        "risk_factors": [
          {
            "category": "Title",
            "severity": "High",
            "description": "Boundary verification verified."
          }
        ],
        "utilities": {
          "water_connection": false,
          "water_pipe_dia_mm": 100,
          "electricity_load_kw": 25,
          "sewage_connected": false,
          "telecom_fiber": true
        },
        "valuation": {
          "circle_rate_per_sqm": 3456,
          "market_rate_per_sqm": 7476,
          "total_valuation_inr": 29956332
        },
        "satellite_change": {
          "baseline_year": 2020,
          "current_year": 2024,
          "historical_built_sqm": 480,
          "current_built_sqm": 558,
          "change_pct": 13,
          "unapproved_construction_flag": true,
          "encroachment_distance_m": 5.6,
          "detected_features": "Unauthorized setback encroachment flagged"
        },
        "ownerId": "CIT-075",
        "surveyNumber": "69/2B"
      },
      "geometry": {
        "type": "Polygon",
        "coordinates": [
          [
            [
              80.05695,
              12.914208
            ],
            [
              80.059842,
              12.914289
            ],
            [
              80.059954,
              12.911427
            ],
            [
              80.05695,
              12.911718
            ],
            [
              80.05695,
              12.914208
            ]
          ]
        ]
      }
    },
    {
      "type": "Feature",
      "id": "PARCEL-032",
      "properties": {
        "ulpin": "09030020115952",
        "survey_no": "50/3",
        "village": "Chinhat",
        "taluka": "Sarojini Nagar",
        "district": "Lucknow",
        "state": "Uttar Pradesh",
        "record_type": "Khatauni (Khasra & Khatauni)",
        "native_unit": "1.44 Acres",
        "area_sqm": 5823,
        "area_acres": 1.439,
        "owner_name": "Ajay Baburao Suryavanshi",
        "zone_type": "Mixed Use (MU)",
        "status": "Disputed",
        "tax_status": "Due",
        "encumbrance_status": "Lien Attached",
        "dispute_status": "Civil Suit #2023/81",
        "health_score": 66,
        "risk_grade": "B (Moderate Risk)",
        "risk_factors": [
          {
            "category": "Title",
            "severity": "High",
            "description": "Boundary verification verified."
          }
        ],
        "utilities": {
          "water_connection": true,
          "water_pipe_dia_mm": 150,
          "electricity_load_kw": 75,
          "sewage_connected": false,
          "telecom_fiber": true
        },
        "valuation": {
          "circle_rate_per_sqm": 5455,
          "market_rate_per_sqm": 14088,
          "total_valuation_inr": 82034424
        },
        "satellite_change": {
          "baseline_year": 2020,
          "current_year": 2024,
          "historical_built_sqm": 698,
          "current_built_sqm": 821,
          "change_pct": 14,
          "unapproved_construction_flag": true,
          "encroachment_distance_m": 4.8,
          "detected_features": "Unauthorized setback encroachment flagged"
        },
        "ownerId": "CIT-069",
        "surveyNumber": "50/3"
      },
      "geometry": {
        "type": "Polygon",
        "coordinates": [
          [
            [
              80.943694,
              26.847195
            ],
            [
              80.945842,
              26.847335
            ],
            [
              80.945678,
              26.84523
            ],
            [
              80.943694,
              26.845435
            ],
            [
              80.943694,
              26.847195
            ]
          ]
        ]
      }
    },
    {
      "type": "Feature",
      "id": "PARCEL-033",
      "properties": {
        "ulpin": "04010010016889",
        "survey_no": "32/4A",
        "village": "Manimajra",
        "taluka": "Chandigarh",
        "district": "Chandigarh",
        "state": "Chandigarh",
        "record_type": "PR Card (Property Register Card)",
        "native_unit": "1.10 Acres",
        "area_sqm": 4470,
        "area_acres": 1.105,
        "owner_name": "Karthik Subramanian Natarajan",
        "zone_type": "Residential (R-2)",
        "status": "Clear Title",
        "tax_status": "Paid",
        "encumbrance_status": "Clear",
        "dispute_status": "None",
        "health_score": 86,
        "risk_grade": "A (Low Risk)",
        "risk_factors": [
          {
            "category": "Title",
            "severity": "Low",
            "description": "Boundary verification verified."
          }
        ],
        "utilities": {
          "water_connection": true,
          "water_pipe_dia_mm": 100,
          "electricity_load_kw": 50,
          "sewage_connected": true,
          "telecom_fiber": true
        },
        "valuation": {
          "circle_rate_per_sqm": 5136,
          "market_rate_per_sqm": 8784,
          "total_valuation_inr": 39264480
        },
        "satellite_change": {
          "baseline_year": 2020,
          "current_year": 2024,
          "historical_built_sqm": 536,
          "current_built_sqm": 851,
          "change_pct": 47,
          "unapproved_construction_flag": false,
          "encroachment_distance_m": 0.0,
          "detected_features": "Permitted spatial footprint matches town planning sanction."
        },
        "ownerId": "CIT-027",
        "surveyNumber": "32/4A"
      },
      "geometry": {
        "type": "Polygon",
        "coordinates": [
          [
            [
              76.757937,
              30.749129
            ],
            [
              76.759882,
              30.748975
            ],
            [
              76.759747,
              30.746144
            ],
            [
              76.757937,
              30.746142
            ],
            [
              76.757937,
              30.749129
            ]
          ]
        ]
      }
    },
    {
      "type": "Feature",
      "id": "PARCEL-034",
      "properties": {
        "ulpin": "09030020115771",
        "survey_no": "64/3",
        "village": "Chinhat",
        "taluka": "Sarojini Nagar",
        "district": "Lucknow",
        "state": "Uttar Pradesh",
        "record_type": "Khatauni (Khasra & Khatauni)",
        "native_unit": "1.44 Acres",
        "area_sqm": 5826,
        "area_acres": 1.44,
        "owner_name": "Ravi Bhanu Pandey",
        "zone_type": "Commercial (C-1)",
        "status": "Clear Title",
        "tax_status": "Paid",
        "encumbrance_status": "Lien Attached",
        "dispute_status": "None",
        "health_score": 90,
        "risk_grade": "A (Low Risk)",
        "risk_factors": [
          {
            "category": "Title",
            "severity": "Low",
            "description": "Boundary verification verified."
          }
        ],
        "utilities": {
          "water_connection": true,
          "water_pipe_dia_mm": 150,
          "electricity_load_kw": 50,
          "sewage_connected": false,
          "telecom_fiber": true
        },
        "valuation": {
          "circle_rate_per_sqm": 5311,
          "market_rate_per_sqm": 11504,
          "total_valuation_inr": 67022304
        },
        "satellite_change": {
          "baseline_year": 2020,
          "current_year": 2024,
          "historical_built_sqm": 699,
          "current_built_sqm": 1529,
          "change_pct": 95,
          "unapproved_construction_flag": false,
          "encroachment_distance_m": 0.0,
          "detected_features": "Permitted spatial footprint matches town planning sanction."
        },
        "ownerId": "CIT-080",
        "surveyNumber": "64/3"
      },
      "geometry": {
        "type": "Polygon",
        "coordinates": [
          [
            [
              80.961127,
              26.829926
            ],
            [
              80.963901,
              26.829731
            ],
            [
              80.963847,
              26.827833
            ],
            [
              80.961127,
              26.827901
            ],
            [
              80.961127,
              26.829926
            ]
          ]
        ]
      }
    },
    {
      "type": "Feature",
      "id": "PARCEL-035",
      "properties": {
        "ulpin": "27250010047902",
        "survey_no": "32/1",
        "village": "Uruli Kanchan",
        "taluka": "Haveli",
        "district": "Pune",
        "state": "Maharashtra",
        "record_type": "7/12 & 8A",
        "native_unit": "0.74 Ha (73.1 Gunthas)",
        "area_sqm": 7399,
        "area_acres": 1.828,
        "owner_name": "Rajesh Murugesan Pillai",
        "zone_type": "Industrial (I-1)",
        "status": "Mortgaged",
        "tax_status": "Partially Paid",
        "encumbrance_status": "Mortgaged (SBI / HDFC)",
        "dispute_status": "None",
        "health_score": 67,
        "risk_grade": "B (Moderate Risk)",
        "risk_factors": [
          {
            "category": "Title",
            "severity": "Low",
            "description": "Boundary verification verified."
          }
        ],
        "utilities": {
          "water_connection": false,
          "water_pipe_dia_mm": 200,
          "electricity_load_kw": 25,
          "sewage_connected": true,
          "telecom_fiber": true
        },
        "valuation": {
          "circle_rate_per_sqm": 3031,
          "market_rate_per_sqm": 8409,
          "total_valuation_inr": 62218191
        },
        "satellite_change": {
          "baseline_year": 2020,
          "current_year": 2024,
          "historical_built_sqm": 887,
          "current_built_sqm": 1220,
          "change_pct": 30,
          "unapproved_construction_flag": false,
          "encroachment_distance_m": 0.0,
          "detected_features": "Permitted spatial footprint matches town planning sanction."
        },
        "ownerId": "CIT-047",
        "surveyNumber": "32/1"
      },
      "geometry": {
        "type": "Polygon",
        "coordinates": [
          [
            [
              73.971371,
              18.551344
            ],
            [
              73.973551,
              18.551171
            ],
            [
              73.973734,
              18.548624
            ],
            [
              73.971371,
              18.548865
            ],
            [
              73.971371,
              18.551344
            ]
          ]
        ]
      }
    },
    {
      "type": "Feature",
      "id": "PARCEL-036",
      "properties": {
        "ulpin": "27250010045286",
        "survey_no": "161/2",
        "village": "Wagholi",
        "taluka": "Haveli",
        "district": "Pune",
        "state": "Maharashtra",
        "record_type": "7/12 & 8A",
        "native_unit": "0.79 Ha (77.8 Gunthas)",
        "area_sqm": 7876,
        "area_acres": 1.946,
        "owner_name": "Manoj Kailash Yadav",
        "zone_type": "Commercial (C-2)",
        "status": "Under Mutation",
        "tax_status": "Partially Paid",
        "encumbrance_status": "Lien Attached",
        "dispute_status": "Notice Period Active",
        "health_score": 88,
        "risk_grade": "A (Low Risk)",
        "risk_factors": [
          {
            "category": "Title",
            "severity": "Low",
            "description": "Boundary verification verified."
          }
        ],
        "utilities": {
          "water_connection": true,
          "water_pipe_dia_mm": 150,
          "electricity_load_kw": 25,
          "sewage_connected": false,
          "telecom_fiber": true
        },
        "valuation": {
          "circle_rate_per_sqm": 1286,
          "market_rate_per_sqm": 3037,
          "total_valuation_inr": 23919412
        },
        "satellite_change": {
          "baseline_year": 2020,
          "current_year": 2024,
          "historical_built_sqm": 945,
          "current_built_sqm": 1972,
          "change_pct": 87,
          "unapproved_construction_flag": false,
          "encroachment_distance_m": 0.0,
          "detected_features": "Permitted spatial footprint matches town planning sanction."
        },
        "ownerId": "CIT-099",
        "surveyNumber": "161/2"
      },
      "geometry": {
        "type": "Polygon",
        "coordinates": [
          [
            [
              74.007029,
              18.58201
            ],
            [
              74.010239,
              18.582286
            ],
            [
              74.010389,
              18.578591
            ],
            [
              74.007029,
              18.578771
            ],
            [
              74.007029,
              18.58201
            ]
          ]
        ]
      }
    },
    {
      "type": "Feature",
      "id": "PARCEL-037",
      "properties": {
        "ulpin": "33010050084852",
        "survey_no": "199/1",
        "village": "Tambaram",
        "taluka": "Sriperumbudur",
        "district": "Kanchipuram",
        "state": "Tamil Nadu",
        "record_type": "Patta & Chitta (e-Patta)",
        "native_unit": "3.67 Acres",
        "area_sqm": 14866,
        "area_acres": 3.673,
        "owner_name": "Ashok Suryakant Verma",
        "zone_type": "Residential (R-1)",
        "status": "Disputed",
        "tax_status": "Partially Paid",
        "encumbrance_status": "Lien Attached",
        "dispute_status": "Civil Suit #2023/81",
        "health_score": 87,
        "risk_grade": "A (Low Risk)",
        "risk_factors": [
          {
            "category": "Title",
            "severity": "High",
            "description": "Boundary verification verified."
          }
        ],
        "utilities": {
          "water_connection": true,
          "water_pipe_dia_mm": 100,
          "electricity_load_kw": 50,
          "sewage_connected": false,
          "telecom_fiber": true
        },
        "valuation": {
          "circle_rate_per_sqm": 4528,
          "market_rate_per_sqm": 11540,
          "total_valuation_inr": 171553640
        },
        "satellite_change": {
          "baseline_year": 2020,
          "current_year": 2024,
          "historical_built_sqm": 1783,
          "current_built_sqm": 3300,
          "change_pct": 68,
          "unapproved_construction_flag": true,
          "encroachment_distance_m": 5.0,
          "detected_features": "Unauthorized setback encroachment flagged"
        },
        "ownerId": "CIT-033",
        "surveyNumber": "199/1"
      },
      "geometry": {
        "type": "Polygon",
        "coordinates": [
          [
            [
              80.071543,
              12.903079
            ],
            [
              80.073202,
              12.903202
            ],
            [
              80.072973,
              12.901448
            ],
            [
              80.071543,
              12.90163
            ],
            [
              80.071543,
              12.903079
            ]
          ]
        ]
      }
    },
    {
      "type": "Feature",
      "id": "PARCEL-038",
      "properties": {
        "ulpin": "33010050084234",
        "survey_no": "38/3",
        "village": "Tambaram",
        "taluka": "Sriperumbudur",
        "district": "Kanchipuram",
        "state": "Tamil Nadu",
        "record_type": "Patta & Chitta (e-Patta)",
        "native_unit": "1.25 Acres",
        "area_sqm": 5078,
        "area_acres": 1.255,
        "owner_name": "Santosh Dharmendra Gupta",
        "zone_type": "Mixed Use (MU)",
        "status": "Clear Title",
        "tax_status": "Paid",
        "encumbrance_status": "Clear",
        "dispute_status": "None",
        "health_score": 90,
        "risk_grade": "A (Low Risk)",
        "risk_factors": [
          {
            "category": "Title",
            "severity": "Low",
            "description": "Boundary verification verified."
          }
        ],
        "utilities": {
          "water_connection": true,
          "water_pipe_dia_mm": 150,
          "electricity_load_kw": 50,
          "sewage_connected": false,
          "telecom_fiber": true
        },
        "valuation": {
          "circle_rate_per_sqm": 3223,
          "market_rate_per_sqm": 5142,
          "total_valuation_inr": 26111076
        },
        "satellite_change": {
          "baseline_year": 2020,
          "current_year": 2024,
          "historical_built_sqm": 609,
          "current_built_sqm": 769,
          "change_pct": 21,
          "unapproved_construction_flag": false,
          "encroachment_distance_m": 0.0,
          "detected_features": "Permitted spatial footprint matches town planning sanction."
        },
        "ownerId": "CIT-067",
        "surveyNumber": "38/3"
      },
      "geometry": {
        "type": "Polygon",
        "coordinates": [
          [
            [
              80.062375,
              12.869472
            ],
            [
              80.064645,
              12.869508
            ],
            [
              80.064752,
              12.867943
            ],
            [
              80.062375,
              12.867798
            ],
            [
              80.062375,
              12.869472
            ]
          ]
        ]
      }
    },
    {
      "type": "Feature",
      "id": "PARCEL-039",
      "properties": {
        "ulpin": "04010010012401",
        "survey_no": "87/1A",
        "village": "Sector 17",
        "taluka": "Chandigarh",
        "district": "Chandigarh",
        "state": "Chandigarh",
        "record_type": "PR Card (Property Register Card)",
        "native_unit": "2.41 Acres",
        "area_sqm": 9750,
        "area_acres": 2.409,
        "owner_name": "Vikram Madhav Kadam",
        "zone_type": "Commercial (C-2)",
        "status": "Clear Title",
        "tax_status": "Paid",
        "encumbrance_status": "Lien Attached",
        "dispute_status": "None",
        "health_score": 88,
        "risk_grade": "A (Low Risk)",
        "risk_factors": [
          {
            "category": "Title",
            "severity": "Low",
            "description": "Boundary verification verified."
          }
        ],
        "utilities": {
          "water_connection": true,
          "water_pipe_dia_mm": 200,
          "electricity_load_kw": 50,
          "sewage_connected": false,
          "telecom_fiber": true
        },
        "valuation": {
          "circle_rate_per_sqm": 2120,
          "market_rate_per_sqm": 3906,
          "total_valuation_inr": 38083500
        },
        "satellite_change": {
          "baseline_year": 2020,
          "current_year": 2024,
          "historical_built_sqm": 1170,
          "current_built_sqm": 1989,
          "change_pct": 56,
          "unapproved_construction_flag": false,
          "encroachment_distance_m": 0.0,
          "detected_features": "Permitted spatial footprint matches town planning sanction."
        },
        "ownerId": "CIT-096",
        "surveyNumber": "87/1A"
      },
      "geometry": {
        "type": "Polygon",
        "coordinates": [
          [
            [
              76.784376,
              30.736526
            ],
            [
              76.787448,
              30.736602
            ],
            [
              76.78748,
              30.734323
            ],
            [
              76.784376,
              30.734421
            ],
            [
              76.784376,
              30.736526
            ]
          ]
        ]
      }
    },
    {
      "type": "Feature",
      "id": "PARCEL-040",
      "properties": {
        "ulpin": "04010010012219",
        "survey_no": "16/1",
        "village": "Sector 17",
        "taluka": "Chandigarh",
        "district": "Chandigarh",
        "state": "Chandigarh",
        "record_type": "PR Card (Property Register Card)",
        "native_unit": "3.32 Acres",
        "area_sqm": 13431,
        "area_acres": 3.319,
        "owner_name": "Sanjay Dattatraya Jadhav",
        "zone_type": "Industrial (I-1)",
        "status": "Clear Title",
        "tax_status": "Paid",
        "encumbrance_status": "Clear",
        "dispute_status": "None",
        "health_score": 87,
        "risk_grade": "A (Low Risk)",
        "risk_factors": [
          {
            "category": "Title",
            "severity": "Low",
            "description": "Boundary verification verified."
          }
        ],
        "utilities": {
          "water_connection": true,
          "water_pipe_dia_mm": 100,
          "electricity_load_kw": 25,
          "sewage_connected": false,
          "telecom_fiber": true
        },
        "valuation": {
          "circle_rate_per_sqm": 1345,
          "market_rate_per_sqm": 2230,
          "total_valuation_inr": 29951130
        },
        "satellite_change": {
          "baseline_year": 2020,
          "current_year": 2024,
          "historical_built_sqm": 1611,
          "current_built_sqm": 1772,
          "change_pct": 8,
          "unapproved_construction_flag": false,
          "encroachment_distance_m": 0.0,
          "detected_features": "Permitted spatial footprint matches town planning sanction."
        },
        "ownerId": "CIT-089",
        "surveyNumber": "16/1"
      },
      "geometry": {
        "type": "Polygon",
        "coordinates": [
          [
            [
              76.798457,
              30.736249
            ],
            [
              76.80074,
              30.736062
            ],
            [
              76.801008,
              30.733399
            ],
            [
              76.798457,
              30.73356
            ],
            [
              76.798457,
              30.736249
            ]
          ]
        ]
      }
    },
    {
      "type": "Feature",
      "id": "PARCEL-041",
      "properties": {
        "ulpin": "09030020117539",
        "survey_no": "150/1A",
        "village": "Malihabad",
        "taluka": "Sarojini Nagar",
        "district": "Lucknow",
        "state": "Uttar Pradesh",
        "record_type": "Khatauni (Khasra & Khatauni)",
        "native_unit": "3.02 Acres",
        "area_sqm": 12213,
        "area_acres": 3.018,
        "owner_name": "Sunil Dharamveer Sharma",
        "zone_type": "Eco-sensitive",
        "status": "Under Mutation",
        "tax_status": "Due",
        "encumbrance_status": "Lien Attached",
        "dispute_status": "Notice Period Active",
        "health_score": 46,
        "risk_grade": "C (High Risk)",
        "risk_factors": [
          {
            "category": "Title",
            "severity": "Low",
            "description": "Boundary verification verified."
          }
        ],
        "utilities": {
          "water_connection": false,
          "water_pipe_dia_mm": 150,
          "electricity_load_kw": 50,
          "sewage_connected": false,
          "telecom_fiber": true
        },
        "valuation": {
          "circle_rate_per_sqm": 3940,
          "market_rate_per_sqm": 6315,
          "total_valuation_inr": 77125095
        },
        "satellite_change": {
          "baseline_year": 2020,
          "current_year": 2024,
          "historical_built_sqm": 1465,
          "current_built_sqm": 1758,
          "change_pct": 16,
          "unapproved_construction_flag": false,
          "encroachment_distance_m": 0.0,
          "detected_features": "Permitted spatial footprint matches town planning sanction."
        },
        "ownerId": "CIT-096",
        "surveyNumber": "150/1A"
      },
      "geometry": {
        "type": "Polygon",
        "coordinates": [
          [
            [
              80.924709,
              26.820477
            ],
            [
              80.927922,
              26.820476
            ],
            [
              80.92809,
              26.818098
            ],
            [
              80.924709,
              26.818116
            ],
            [
              80.924709,
              26.820477
            ]
          ]
        ]
      }
    },
    {
      "type": "Feature",
      "id": "PARCEL-042",
      "properties": {
        "ulpin": "27250010048192",
        "survey_no": "54/1",
        "village": "Manjri",
        "taluka": "Haveli",
        "district": "Pune",
        "state": "Maharashtra",
        "record_type": "7/12 & 8A",
        "native_unit": "1.21 Ha (119.2 Gunthas)",
        "area_sqm": 12055,
        "area_acres": 2.979,
        "owner_name": "Murugan Palaniswamy Chettiar",
        "zone_type": "Agricultural (A-1)",
        "status": "Disputed",
        "tax_status": "Partially Paid",
        "encumbrance_status": "Lien Attached",
        "dispute_status": "Civil Suit #2023/81",
        "health_score": 51,
        "risk_grade": "C (High Risk)",
        "risk_factors": [
          {
            "category": "Title",
            "severity": "High",
            "description": "Boundary verification verified."
          }
        ],
        "utilities": {
          "water_connection": true,
          "water_pipe_dia_mm": 150,
          "electricity_load_kw": 15,
          "sewage_connected": false,
          "telecom_fiber": true
        },
        "valuation": {
          "circle_rate_per_sqm": 1600,
          "market_rate_per_sqm": 4268,
          "total_valuation_inr": 51450740
        },
        "satellite_change": {
          "baseline_year": 2020,
          "current_year": 2024,
          "historical_built_sqm": 1446,
          "current_built_sqm": 1862,
          "change_pct": 23,
          "unapproved_construction_flag": true,
          "encroachment_distance_m": 3.6,
          "detected_features": "Unauthorized setback encroachment flagged"
        },
        "ownerId": "CIT-076",
        "surveyNumber": "54/1"
      },
      "geometry": {
        "type": "Polygon",
        "coordinates": [
          [
            [
              73.973502,
              18.554423
            ],
            [
              73.975946,
              18.554166
            ],
            [
              73.976029,
              18.552694
            ],
            [
              73.973502,
              18.552758
            ],
            [
              73.973502,
              18.554423
            ]
          ]
        ]
      }
    },
    {
      "type": "Feature",
      "id": "PARCEL-043",
      "properties": {
        "ulpin": "04010010012168",
        "survey_no": "59/2",
        "village": "Sector 17",
        "taluka": "Chandigarh",
        "district": "Chandigarh",
        "state": "Chandigarh",
        "record_type": "PR Card (Property Register Card)",
        "native_unit": "2.08 Acres",
        "area_sqm": 8402,
        "area_acres": 2.076,
        "owner_name": "Ravi Bhanu Pandey",
        "zone_type": "Residential (R-1)",
        "status": "Clear Title",
        "tax_status": "Paid",
        "encumbrance_status": "Clear",
        "dispute_status": "None",
        "health_score": 71,
        "risk_grade": "B (Moderate Risk)",
        "risk_factors": [
          {
            "category": "Title",
            "severity": "Low",
            "description": "Boundary verification verified."
          }
        ],
        "utilities": {
          "water_connection": false,
          "water_pipe_dia_mm": 100,
          "electricity_load_kw": 25,
          "sewage_connected": false,
          "telecom_fiber": true
        },
        "valuation": {
          "circle_rate_per_sqm": 3470,
          "market_rate_per_sqm": 8082,
          "total_valuation_inr": 67904964
        },
        "satellite_change": {
          "baseline_year": 2020,
          "current_year": 2024,
          "historical_built_sqm": 1008,
          "current_built_sqm": 1789,
          "change_pct": 62,
          "unapproved_construction_flag": true,
          "encroachment_distance_m": 4.1,
          "detected_features": "Unauthorized setback encroachment flagged"
        },
        "ownerId": "CIT-046",
        "surveyNumber": "59/2"
      },
      "geometry": {
        "type": "Polygon",
        "coordinates": [
          [
            [
              76.800737,
              30.75155
            ],
            [
              76.802267,
              30.751709
            ],
            [
              76.802426,
              30.74922
            ],
            [
              76.800737,
              30.748975
            ],
            [
              76.800737,
              30.75155
            ]
          ]
        ]
      }
    },
    {
      "type": "Feature",
      "id": "PARCEL-044",
      "properties": {
        "ulpin": "33010050082385",
        "survey_no": "185/3",
        "village": "Perungalathur",
        "taluka": "Sriperumbudur",
        "district": "Kanchipuram",
        "state": "Tamil Nadu",
        "record_type": "Patta & Chitta (e-Patta)",
        "native_unit": "1.72 Acres",
        "area_sqm": 6958,
        "area_acres": 1.719,
        "owner_name": "Sridhar Ramasamy Gounder",
        "zone_type": "Residential (R-2)",
        "status": "Clear Title",
        "tax_status": "Paid",
        "encumbrance_status": "Clear",
        "dispute_status": "None",
        "health_score": 92,
        "risk_grade": "A (Low Risk)",
        "risk_factors": [
          {
            "category": "Title",
            "severity": "Low",
            "description": "Boundary verification verified."
          }
        ],
        "utilities": {
          "water_connection": false,
          "water_pipe_dia_mm": 200,
          "electricity_load_kw": 75,
          "sewage_connected": true,
          "telecom_fiber": true
        },
        "valuation": {
          "circle_rate_per_sqm": 5047,
          "market_rate_per_sqm": 13256,
          "total_valuation_inr": 92235248
        },
        "satellite_change": {
          "baseline_year": 2020,
          "current_year": 2024,
          "historical_built_sqm": 834,
          "current_built_sqm": 1189,
          "change_pct": 34,
          "unapproved_construction_flag": true,
          "encroachment_distance_m": 5.1,
          "detected_features": "Unauthorized setback encroachment flagged"
        },
        "ownerId": "CIT-061",
        "surveyNumber": "185/3"
      },
      "geometry": {
        "type": "Polygon",
        "coordinates": [
          [
            [
              80.07485,
              12.910697
            ],
            [
              80.077127,
              12.910921
            ],
            [
              80.076855,
              12.908968
            ],
            [
              80.07485,
              12.908732
            ],
            [
              80.07485,
              12.910697
            ]
          ]
        ]
      }
    },
    {
      "type": "Feature",
      "id": "PARCEL-045",
      "properties": {
        "ulpin": "29180060201344",
        "survey_no": "117/1",
        "village": "Anekal",
        "taluka": "Bengaluru South",
        "district": "Bengaluru Urban",
        "state": "Karnataka",
        "record_type": "Bhoomi RTC (Pahani)",
        "native_unit": "1.29 Acres",
        "area_sqm": 5222,
        "area_acres": 1.29,
        "owner_name": "Ashok Suryakant Verma",
        "zone_type": "Residential (R-1)",
        "status": "Under Mutation",
        "tax_status": "Due",
        "encumbrance_status": "Lien Attached",
        "dispute_status": "Notice Period Active",
        "health_score": 68,
        "risk_grade": "B (Moderate Risk)",
        "risk_factors": [
          {
            "category": "Title",
            "severity": "Low",
            "description": "Boundary verification verified."
          }
        ],
        "utilities": {
          "water_connection": false,
          "water_pipe_dia_mm": 150,
          "electricity_load_kw": 50,
          "sewage_connected": true,
          "telecom_fiber": true
        },
        "valuation": {
          "circle_rate_per_sqm": 1972,
          "market_rate_per_sqm": 4273,
          "total_valuation_inr": 22313606
        },
        "satellite_change": {
          "baseline_year": 2020,
          "current_year": 2024,
          "historical_built_sqm": 626,
          "current_built_sqm": 1362,
          "change_pct": 94,
          "unapproved_construction_flag": true,
          "encroachment_distance_m": 3.3,
          "detected_features": "Unauthorized setback encroachment flagged"
        },
        "ownerId": "CIT-034",
        "surveyNumber": "117/1"
      },
      "geometry": {
        "type": "Polygon",
        "coordinates": [
          [
            [
              77.606101,
              12.901573
            ],
            [
              77.608827,
              12.901307
            ],
            [
              77.609008,
              12.898276
            ],
            [
              77.606101,
              12.89808
            ],
            [
              77.606101,
              12.901573
            ]
          ]
        ]
      }
    },
    {
      "type": "Feature",
      "id": "PARCEL-046",
      "properties": {
        "ulpin": "04010010016541",
        "survey_no": "152/2",
        "village": "Manimajra",
        "taluka": "Chandigarh",
        "district": "Chandigarh",
        "state": "Chandigarh",
        "record_type": "PR Card (Property Register Card)",
        "native_unit": "1.58 Acres",
        "area_sqm": 6415,
        "area_acres": 1.585,
        "owner_name": "Sridhar Ramasamy Gounder",
        "zone_type": "Mixed Use (MU)",
        "status": "Mortgaged",
        "tax_status": "Due",
        "encumbrance_status": "Mortgaged (SBI / HDFC)",
        "dispute_status": "None",
        "health_score": 92,
        "risk_grade": "A (Low Risk)",
        "risk_factors": [
          {
            "category": "Title",
            "severity": "Low",
            "description": "Boundary verification verified."
          }
        ],
        "utilities": {
          "water_connection": true,
          "water_pipe_dia_mm": 100,
          "electricity_load_kw": 15,
          "sewage_connected": true,
          "telecom_fiber": true
        },
        "valuation": {
          "circle_rate_per_sqm": 1977,
          "market_rate_per_sqm": 4026,
          "total_valuation_inr": 25826790
        },
        "satellite_change": {
          "baseline_year": 2020,
          "current_year": 2024,
          "historical_built_sqm": 769,
          "current_built_sqm": 1000,
          "change_pct": 24,
          "unapproved_construction_flag": true,
          "encroachment_distance_m": 3.0,
          "detected_features": "Unauthorized setback encroachment flagged"
        },
        "ownerId": "CIT-028",
        "surveyNumber": "152/2"
      },
      "geometry": {
        "type": "Polygon",
        "coordinates": [
          [
            [
              76.766696,
              30.726295
            ],
            [
              76.768747,
              30.726092
            ],
            [
              76.768447,
              30.724285
            ],
            [
              76.766696,
              30.724175
            ],
            [
              76.766696,
              30.726295
            ]
          ]
        ]
      }
    },
    {
      "type": "Feature",
      "id": "PARCEL-047",
      "properties": {
        "ulpin": "29180060201239",
        "survey_no": "188/1A",
        "village": "Anekal",
        "taluka": "Bengaluru South",
        "district": "Bengaluru Urban",
        "state": "Karnataka",
        "record_type": "Bhoomi RTC (Pahani)",
        "native_unit": "2.52 Acres",
        "area_sqm": 10186,
        "area_acres": 2.517,
        "owner_name": "Deepak Shankar Bhosale",
        "zone_type": "Agricultural (A-1)",
        "status": "Clear Title",
        "tax_status": "Paid",
        "encumbrance_status": "Clear",
        "dispute_status": "None",
        "health_score": 54,
        "risk_grade": "C (High Risk)",
        "risk_factors": [
          {
            "category": "Title",
            "severity": "Low",
            "description": "Boundary verification verified."
          }
        ],
        "utilities": {
          "water_connection": true,
          "water_pipe_dia_mm": 150,
          "electricity_load_kw": 50,
          "sewage_connected": true,
          "telecom_fiber": true
        },
        "valuation": {
          "circle_rate_per_sqm": 3868,
          "market_rate_per_sqm": 10084,
          "total_valuation_inr": 102715624
        },
        "satellite_change": {
          "baseline_year": 2020,
          "current_year": 2024,
          "historical_built_sqm": 1222,
          "current_built_sqm": 1512,
          "change_pct": 19,
          "unapproved_construction_flag": false,
          "encroachment_distance_m": 0.0,
          "detected_features": "Permitted spatial footprint matches town planning sanction."
        },
        "ownerId": "CIT-022",
        "surveyNumber": "188/1A"
      },
      "geometry": {
        "type": "Polygon",
        "coordinates": [
          [
            [
              77.560203,
              12.923179
            ],
            [
              77.563394,
              12.923434
            ],
            [
              77.563231,
              12.920177
            ],
            [
              77.560203,
              12.920228
            ],
            [
              77.560203,
              12.923179
            ]
          ]
        ]
      }
    },
    {
      "type": "Feature",
      "id": "PARCEL-048",
      "properties": {
        "ulpin": "29180060202928",
        "survey_no": "98/5",
        "village": "Begur",
        "taluka": "Bengaluru South",
        "district": "Bengaluru Urban",
        "state": "Karnataka",
        "record_type": "Bhoomi RTC (Pahani)",
        "native_unit": "2.08 Acres",
        "area_sqm": 8402,
        "area_acres": 2.076,
        "owner_name": "Mahesh Vishnu Deshmukh",
        "zone_type": "Mixed Use (MU)",
        "status": "Clear Title",
        "tax_status": "Paid",
        "encumbrance_status": "Lien Attached",
        "dispute_status": "None",
        "health_score": 65,
        "risk_grade": "B (Moderate Risk)",
        "risk_factors": [
          {
            "category": "Title",
            "severity": "Low",
            "description": "Boundary verification verified."
          }
        ],
        "utilities": {
          "water_connection": false,
          "water_pipe_dia_mm": 100,
          "electricity_load_kw": 75,
          "sewage_connected": true,
          "telecom_fiber": true
        },
        "valuation": {
          "circle_rate_per_sqm": 5050,
          "market_rate_per_sqm": 8403,
          "total_valuation_inr": 70602006
        },
        "satellite_change": {
          "baseline_year": 2020,
          "current_year": 2024,
          "historical_built_sqm": 1008,
          "current_built_sqm": 1361,
          "change_pct": 28,
          "unapproved_construction_flag": false,
          "encroachment_distance_m": 0.0,
          "detected_features": "Permitted spatial footprint matches town planning sanction."
        },
        "ownerId": "CIT-043",
        "surveyNumber": "98/5"
      },
      "geometry": {
        "type": "Polygon",
        "coordinates": [
          [
            [
              77.595547,
              12.931676
            ],
            [
              77.598418,
              12.931579
            ],
            [
              77.59819,
              12.928193
            ],
            [
              77.595547,
              12.928103
            ],
            [
              77.595547,
              12.931676
            ]
          ]
        ]
      }
    },
    {
      "type": "Feature",
      "id": "PARCEL-049",
      "properties": {
        "ulpin": "29180060200497",
        "survey_no": "25/2",
        "village": "Bannerghatta",
        "taluka": "Bengaluru South",
        "district": "Bengaluru Urban",
        "state": "Karnataka",
        "record_type": "Bhoomi RTC (Pahani)",
        "native_unit": "1.17 Acres",
        "area_sqm": 4725,
        "area_acres": 1.168,
        "owner_name": "Manoj Kailash Yadav",
        "zone_type": "Mixed Use (MU)",
        "status": "Clear Title",
        "tax_status": "Paid",
        "encumbrance_status": "Clear",
        "dispute_status": "None",
        "health_score": 69,
        "risk_grade": "B (Moderate Risk)",
        "risk_factors": [
          {
            "category": "Title",
            "severity": "Low",
            "description": "Boundary verification verified."
          }
        ],
        "utilities": {
          "water_connection": false,
          "water_pipe_dia_mm": 150,
          "electricity_load_kw": 75,
          "sewage_connected": true,
          "telecom_fiber": true
        },
        "valuation": {
          "circle_rate_per_sqm": 4779,
          "market_rate_per_sqm": 7936,
          "total_valuation_inr": 37497600
        },
        "satellite_change": {
          "baseline_year": 2020,
          "current_year": 2024,
          "historical_built_sqm": 567,
          "current_built_sqm": 708,
          "change_pct": 20,
          "unapproved_construction_flag": true,
          "encroachment_distance_m": 2.1,
          "detected_features": "Unauthorized setback encroachment flagged"
        },
        "ownerId": "CIT-089",
        "surveyNumber": "25/2"
      },
      "geometry": {
        "type": "Polygon",
        "coordinates": [
          [
            [
              77.582349,
              12.934442
            ],
            [
              77.585297,
              12.934389
            ],
            [
              77.585349,
              12.932738
            ],
            [
              77.582349,
              12.933037
            ],
            [
              77.582349,
              12.934442
            ]
          ]
        ]
      }
    },
    {
      "type": "Feature",
      "id": "PARCEL-050",
      "properties": {
        "ulpin": "29180060202959",
        "survey_no": "79/2",
        "village": "Begur",
        "taluka": "Bengaluru South",
        "district": "Bengaluru Urban",
        "state": "Karnataka",
        "record_type": "Bhoomi RTC (Pahani)",
        "native_unit": "1.84 Acres",
        "area_sqm": 7467,
        "area_acres": 1.845,
        "owner_name": "Arun Gopal Kulkarni",
        "zone_type": "Eco-sensitive",
        "status": "Clear Title",
        "tax_status": "Paid",
        "encumbrance_status": "Clear",
        "dispute_status": "None",
        "health_score": 48,
        "risk_grade": "C (High Risk)",
        "risk_factors": [
          {
            "category": "Title",
            "severity": "Low",
            "description": "Boundary verification verified."
          }
        ],
        "utilities": {
          "water_connection": true,
          "water_pipe_dia_mm": 200,
          "electricity_load_kw": 25,
          "sewage_connected": false,
          "telecom_fiber": true
        },
        "valuation": {
          "circle_rate_per_sqm": 1327,
          "market_rate_per_sqm": 2609,
          "total_valuation_inr": 19481403
        },
        "satellite_change": {
          "baseline_year": 2020,
          "current_year": 2024,
          "historical_built_sqm": 896,
          "current_built_sqm": 1075,
          "change_pct": 16,
          "unapproved_construction_flag": false,
          "encroachment_distance_m": 0.0,
          "detected_features": "Permitted spatial footprint matches town planning sanction."
        },
        "ownerId": "CIT-079",
        "surveyNumber": "79/2"
      },
      "geometry": {
        "type": "Polygon",
        "coordinates": [
          [
            [
              77.572091,
              12.923313
            ],
            [
              77.574527,
              12.923574
            ],
            [
              77.57447,
              12.921219
            ],
            [
              77.572091,
              12.920963
            ],
            [
              77.572091,
              12.923313
            ]
          ]
        ]
      }
    },
    {
      "type": "Feature",
      "id": "PARCEL-051",
      "properties": {
        "ulpin": "27250010046901",
        "survey_no": "107/1A",
        "village": "Kesnand",
        "taluka": "Haveli",
        "district": "Pune",
        "state": "Maharashtra",
        "record_type": "7/12 & 8A",
        "native_unit": "0.63 Ha (62.1 Gunthas)",
        "area_sqm": 6283,
        "area_acres": 1.553,
        "owner_name": "Brijesh Ramakant Tiwari",
        "zone_type": "Eco-sensitive",
        "status": "Clear Title",
        "tax_status": "Paid",
        "encumbrance_status": "Clear",
        "dispute_status": "None",
        "health_score": 71,
        "risk_grade": "B (Moderate Risk)",
        "risk_factors": [
          {
            "category": "Title",
            "severity": "Low",
            "description": "Boundary verification verified."
          }
        ],
        "utilities": {
          "water_connection": true,
          "water_pipe_dia_mm": 100,
          "electricity_load_kw": 75,
          "sewage_connected": true,
          "telecom_fiber": true
        },
        "valuation": {
          "circle_rate_per_sqm": 2896,
          "market_rate_per_sqm": 7542,
          "total_valuation_inr": 47386386
        },
        "satellite_change": {
          "baseline_year": 2020,
          "current_year": 2024,
          "historical_built_sqm": 753,
          "current_built_sqm": 989,
          "change_pct": 25,
          "unapproved_construction_flag": false,
          "encroachment_distance_m": 0.0,
          "detected_features": "Permitted spatial footprint matches town planning sanction."
        },
        "ownerId": "CIT-061",
        "surveyNumber": "107/1A"
      },
      "geometry": {
        "type": "Polygon",
        "coordinates": [
          [
            [
              73.998146,
              18.561559
            ],
            [
              74.000141,
              18.561646
            ],
            [
              73.999902,
              18.559183
            ],
            [
              73.998146,
              18.559455
            ],
            [
              73.998146,
              18.561559
            ]
          ]
        ]
      }
    },
    {
      "type": "Feature",
      "id": "PARCEL-052",
      "properties": {
        "ulpin": "04010010014167",
        "survey_no": "114/5",
        "village": "Sector 34",
        "taluka": "Chandigarh",
        "district": "Chandigarh",
        "state": "Chandigarh",
        "record_type": "PR Card (Property Register Card)",
        "native_unit": "2.15 Acres",
        "area_sqm": 8709,
        "area_acres": 2.152,
        "owner_name": "Sanjay Dattatraya Jadhav",
        "zone_type": "Industrial (I-1)",
        "status": "Clear Title",
        "tax_status": "Paid",
        "encumbrance_status": "Clear",
        "dispute_status": "None",
        "health_score": 52,
        "risk_grade": "C (High Risk)",
        "risk_factors": [
          {
            "category": "Title",
            "severity": "Low",
            "description": "Boundary verification verified."
          }
        ],
        "utilities": {
          "water_connection": true,
          "water_pipe_dia_mm": 150,
          "electricity_load_kw": 15,
          "sewage_connected": true,
          "telecom_fiber": true
        },
        "valuation": {
          "circle_rate_per_sqm": 3514,
          "market_rate_per_sqm": 6764,
          "total_valuation_inr": 58907676
        },
        "satellite_change": {
          "baseline_year": 2020,
          "current_year": 2024,
          "historical_built_sqm": 1045,
          "current_built_sqm": 1358,
          "change_pct": 24,
          "unapproved_construction_flag": true,
          "encroachment_distance_m": 2.9,
          "detected_features": "Unauthorized setback encroachment flagged"
        },
        "ownerId": "CIT-069",
        "surveyNumber": "114/5"
      },
      "geometry": {
        "type": "Polygon",
        "coordinates": [
          [
            [
              76.782982,
              30.731524
            ],
            [
              76.784621,
              30.731249
            ],
            [
              76.784778,
              30.729717
            ],
            [
              76.782982,
              30.729512
            ],
            [
              76.782982,
              30.731524
            ]
          ]
        ]
      }
    },
    {
      "type": "Feature",
      "id": "PARCEL-053",
      "properties": {
        "ulpin": "04010010016717",
        "survey_no": "193/2B",
        "village": "Manimajra",
        "taluka": "Chandigarh",
        "district": "Chandigarh",
        "state": "Chandigarh",
        "record_type": "PR Card (Property Register Card)",
        "native_unit": "2.94 Acres",
        "area_sqm": 11913,
        "area_acres": 2.944,
        "owner_name": "Anand Venkatesh Iyer",
        "zone_type": "Residential (R-2)",
        "status": "Clear Title",
        "tax_status": "Paid",
        "encumbrance_status": "Clear",
        "dispute_status": "None",
        "health_score": 84,
        "risk_grade": "A (Low Risk)",
        "risk_factors": [
          {
            "category": "Title",
            "severity": "Low",
            "description": "Boundary verification verified."
          }
        ],
        "utilities": {
          "water_connection": true,
          "water_pipe_dia_mm": 100,
          "electricity_load_kw": 15,
          "sewage_connected": false,
          "telecom_fiber": true
        },
        "valuation": {
          "circle_rate_per_sqm": 3095,
          "market_rate_per_sqm": 6516,
          "total_valuation_inr": 77625108
        },
        "satellite_change": {
          "baseline_year": 2020,
          "current_year": 2024,
          "historical_built_sqm": 1429,
          "current_built_sqm": 2984,
          "change_pct": 87,
          "unapproved_construction_flag": false,
          "encroachment_distance_m": 0.0,
          "detected_features": "Permitted spatial footprint matches town planning sanction."
        },
        "ownerId": "CIT-090",
        "surveyNumber": "193/2B"
      },
      "geometry": {
        "type": "Polygon",
        "coordinates": [
          [
            [
              76.772835,
              30.717189
            ],
            [
              76.774584,
              30.716891
            ],
            [
              76.774321,
              30.713836
            ],
            [
              76.772835,
              30.713869
            ],
            [
              76.772835,
              30.717189
            ]
          ]
        ]
      }
    },
    {
      "type": "Feature",
      "id": "PARCEL-054",
      "properties": {
        "ulpin": "04010010014837",
        "survey_no": "174/4A",
        "village": "Sector 34",
        "taluka": "Chandigarh",
        "district": "Chandigarh",
        "state": "Chandigarh",
        "record_type": "PR Card (Property Register Card)",
        "native_unit": "0.84 Acres",
        "area_sqm": 3391,
        "area_acres": 0.838,
        "owner_name": "Santosh Dharmendra Gupta",
        "zone_type": "Industrial (I-1)",
        "status": "Clear Title",
        "tax_status": "Paid",
        "encumbrance_status": "Clear",
        "dispute_status": "None",
        "health_score": 62,
        "risk_grade": "B (Moderate Risk)",
        "risk_factors": [
          {
            "category": "Title",
            "severity": "Low",
            "description": "Boundary verification verified."
          }
        ],
        "utilities": {
          "water_connection": true,
          "water_pipe_dia_mm": 100,
          "electricity_load_kw": 50,
          "sewage_connected": true,
          "telecom_fiber": true
        },
        "valuation": {
          "circle_rate_per_sqm": 4786,
          "market_rate_per_sqm": 12056,
          "total_valuation_inr": 40881896
        },
        "satellite_change": {
          "baseline_year": 2020,
          "current_year": 2024,
          "historical_built_sqm": 406,
          "current_built_sqm": 462,
          "change_pct": 11,
          "unapproved_construction_flag": false,
          "encroachment_distance_m": 0.0,
          "detected_features": "Permitted spatial footprint matches town planning sanction."
        },
        "ownerId": "CIT-053",
        "surveyNumber": "174/4A"
      },
      "geometry": {
        "type": "Polygon",
        "coordinates": [
          [
            [
              76.776516,
              30.752705
            ],
            [
              76.780008,
              30.752793
            ],
            [
              76.780004,
              30.749595
            ],
            [
              76.776516,
              30.7497
            ],
            [
              76.776516,
              30.752705
            ]
          ]
        ]
      }
    },
    {
      "type": "Feature",
      "id": "PARCEL-055",
      "properties": {
        "ulpin": "29180060201257",
        "survey_no": "108/2",
        "village": "Anekal",
        "taluka": "Bengaluru South",
        "district": "Bengaluru Urban",
        "state": "Karnataka",
        "record_type": "Bhoomi RTC (Pahani)",
        "native_unit": "0.51 Acres",
        "area_sqm": 2077,
        "area_acres": 0.513,
        "owner_name": "Devendra Pratap Singh",
        "zone_type": "Residential (R-2)",
        "status": "Clear Title",
        "tax_status": "Paid",
        "encumbrance_status": "Clear",
        "dispute_status": "None",
        "health_score": 95,
        "risk_grade": "A (Low Risk)",
        "risk_factors": [
          {
            "category": "Title",
            "severity": "Low",
            "description": "Boundary verification verified."
          }
        ],
        "utilities": {
          "water_connection": true,
          "water_pipe_dia_mm": 200,
          "electricity_load_kw": 15,
          "sewage_connected": false,
          "telecom_fiber": true
        },
        "valuation": {
          "circle_rate_per_sqm": 3539,
          "market_rate_per_sqm": 9739,
          "total_valuation_inr": 20227903
        },
        "satellite_change": {
          "baseline_year": 2020,
          "current_year": 2024,
          "historical_built_sqm": 249,
          "current_built_sqm": 392,
          "change_pct": 46,
          "unapproved_construction_flag": false,
          "encroachment_distance_m": 0.0,
          "detected_features": "Permitted spatial footprint matches town planning sanction."
        },
        "ownerId": "CIT-025",
        "surveyNumber": "108/2"
      },
      "geometry": {
        "type": "Polygon",
        "coordinates": [
          [
            [
              77.563444,
              12.931598
            ],
            [
              77.565343,
              12.931454
            ],
            [
              77.5654,
              12.928923
            ],
            [
              77.563444,
              12.928684
            ],
            [
              77.563444,
              12.931598
            ]
          ]
        ]
      }
    },
    {
      "type": "Feature",
      "id": "PARCEL-056",
      "properties": {
        "ulpin": "04010010012674",
        "survey_no": "105/5",
        "village": "Sector 17",
        "taluka": "Chandigarh",
        "district": "Chandigarh",
        "state": "Chandigarh",
        "record_type": "PR Card (Property Register Card)",
        "native_unit": "3.81 Acres",
        "area_sqm": 15419,
        "area_acres": 3.81,
        "owner_name": "Anand Venkatesh Iyer",
        "zone_type": "Commercial (C-1)",
        "status": "Mortgaged",
        "tax_status": "Partially Paid",
        "encumbrance_status": "Mortgaged (SBI / HDFC)",
        "dispute_status": "None",
        "health_score": 86,
        "risk_grade": "A (Low Risk)",
        "risk_factors": [
          {
            "category": "Title",
            "severity": "Low",
            "description": "Boundary verification verified."
          }
        ],
        "utilities": {
          "water_connection": false,
          "water_pipe_dia_mm": 100,
          "electricity_load_kw": 75,
          "sewage_connected": true,
          "telecom_fiber": true
        },
        "valuation": {
          "circle_rate_per_sqm": 4691,
          "market_rate_per_sqm": 8777,
          "total_valuation_inr": 135332563
        },
        "satellite_change": {
          "baseline_year": 2020,
          "current_year": 2024,
          "historical_built_sqm": 1850,
          "current_built_sqm": 2451,
          "change_pct": 26,
          "unapproved_construction_flag": false,
          "encroachment_distance_m": 0.0,
          "detected_features": "Permitted spatial footprint matches town planning sanction."
        },
        "ownerId": "CIT-096",
        "surveyNumber": "105/5"
      },
      "geometry": {
        "type": "Polygon",
        "coordinates": [
          [
            [
              76.796606,
              30.753817
            ],
            [
              76.798688,
              30.753658
            ],
            [
              76.798924,
              30.751812
            ],
            [
              76.796606,
              30.751981
            ],
            [
              76.796606,
              30.753817
            ]
          ]
        ]
      }
    },
    {
      "type": "Feature",
      "id": "PARCEL-057",
      "properties": {
        "ulpin": "33010050083176",
        "survey_no": "18/2B",
        "village": "Oragadam",
        "taluka": "Sriperumbudur",
        "district": "Kanchipuram",
        "state": "Tamil Nadu",
        "record_type": "Patta & Chitta (e-Patta)",
        "native_unit": "3.26 Acres",
        "area_sqm": 13183,
        "area_acres": 3.258,
        "owner_name": "Ganesh Manjunath Hegde",
        "zone_type": "Mixed Use (MU)",
        "status": "Clear Title",
        "tax_status": "Paid",
        "encumbrance_status": "Clear",
        "dispute_status": "None",
        "health_score": 88,
        "risk_grade": "A (Low Risk)",
        "risk_factors": [
          {
            "category": "Title",
            "severity": "Low",
            "description": "Boundary verification verified."
          }
        ],
        "utilities": {
          "water_connection": true,
          "water_pipe_dia_mm": 150,
          "electricity_load_kw": 25,
          "sewage_connected": true,
          "telecom_fiber": true
        },
        "valuation": {
          "circle_rate_per_sqm": 1549,
          "market_rate_per_sqm": 3455,
          "total_valuation_inr": 45547265
        },
        "satellite_change": {
          "baseline_year": 2020,
          "current_year": 2024,
          "historical_built_sqm": 1581,
          "current_built_sqm": 1779,
          "change_pct": 10,
          "unapproved_construction_flag": true,
          "encroachment_distance_m": 2.9,
          "detected_features": "Unauthorized setback encroachment flagged"
        },
        "ownerId": "CIT-028",
        "surveyNumber": "18/2B"
      },
      "geometry": {
        "type": "Polygon",
        "coordinates": [
          [
            [
              80.045227,
              12.909864
            ],
            [
              80.047295,
              12.90995
            ],
            [
              80.047486,
              12.90753
            ],
            [
              80.045227,
              12.907658
            ],
            [
              80.045227,
              12.909864
            ]
          ]
        ]
      }
    },
    {
      "type": "Feature",
      "id": "PARCEL-058",
      "properties": {
        "ulpin": "33010050083471",
        "survey_no": "154/5",
        "village": "Oragadam",
        "taluka": "Sriperumbudur",
        "district": "Kanchipuram",
        "state": "Tamil Nadu",
        "record_type": "Patta & Chitta (e-Patta)",
        "native_unit": "3.43 Acres",
        "area_sqm": 13897,
        "area_acres": 3.434,
        "owner_name": "Nitin Bapurao Chavan",
        "zone_type": "Residential (R-2)",
        "status": "Clear Title",
        "tax_status": "Paid",
        "encumbrance_status": "Clear",
        "dispute_status": "None",
        "health_score": 70,
        "risk_grade": "B (Moderate Risk)",
        "risk_factors": [
          {
            "category": "Title",
            "severity": "Low",
            "description": "Boundary verification verified."
          }
        ],
        "utilities": {
          "water_connection": true,
          "water_pipe_dia_mm": 100,
          "electricity_load_kw": 25,
          "sewage_connected": false,
          "telecom_fiber": true
        },
        "valuation": {
          "circle_rate_per_sqm": 4911,
          "market_rate_per_sqm": 13234,
          "total_valuation_inr": 183912898
        },
        "satellite_change": {
          "baseline_year": 2020,
          "current_year": 2024,
          "historical_built_sqm": 1667,
          "current_built_sqm": 3335,
          "change_pct": 80,
          "unapproved_construction_flag": false,
          "encroachment_distance_m": 0.0,
          "detected_features": "Permitted spatial footprint matches town planning sanction."
        },
        "ownerId": "CIT-012",
        "surveyNumber": "154/5"
      },
      "geometry": {
        "type": "Polygon",
        "coordinates": [
          [
            [
              80.05384,
              12.878604
            ],
            [
              80.055431,
              12.878439
            ],
            [
              80.055707,
              12.875556
            ],
            [
              80.05384,
              12.87553
            ],
            [
              80.05384,
              12.878604
            ]
          ]
        ]
      }
    },
    {
      "type": "Feature",
      "id": "PARCEL-059",
      "properties": {
        "ulpin": "09030020117665",
        "survey_no": "151/1",
        "village": "Malihabad",
        "taluka": "Sarojini Nagar",
        "district": "Lucknow",
        "state": "Uttar Pradesh",
        "record_type": "Khatauni (Khasra & Khatauni)",
        "native_unit": "3.90 Acres",
        "area_sqm": 15763,
        "area_acres": 3.895,
        "owner_name": "Ashok Suryakant Verma",
        "zone_type": "Eco-sensitive",
        "status": "Clear Title",
        "tax_status": "Paid",
        "encumbrance_status": "Clear",
        "dispute_status": "None",
        "health_score": 45,
        "risk_grade": "C (High Risk)",
        "risk_factors": [
          {
            "category": "Title",
            "severity": "Low",
            "description": "Boundary verification verified."
          }
        ],
        "utilities": {
          "water_connection": true,
          "water_pipe_dia_mm": 150,
          "electricity_load_kw": 75,
          "sewage_connected": false,
          "telecom_fiber": true
        },
        "valuation": {
          "circle_rate_per_sqm": 2761,
          "market_rate_per_sqm": 7263,
          "total_valuation_inr": 114486669
        },
        "satellite_change": {
          "baseline_year": 2020,
          "current_year": 2024,
          "historical_built_sqm": 1891,
          "current_built_sqm": 2435,
          "change_pct": 23,
          "unapproved_construction_flag": false,
          "encroachment_distance_m": 0.0,
          "detected_features": "Permitted spatial footprint matches town planning sanction."
        },
        "ownerId": "CIT-064",
        "surveyNumber": "151/1"
      },
      "geometry": {
        "type": "Polygon",
        "coordinates": [
          [
            [
              80.921104,
              26.838261
            ],
            [
              80.922756,
              26.838067
            ],
            [
              80.922932,
              26.836253
            ],
            [
              80.921104,
              26.836095
            ],
            [
              80.921104,
              26.838261
            ]
          ]
        ]
      }
    },
    {
      "type": "Feature",
      "id": "PARCEL-060",
      "properties": {
        "ulpin": "09030020114394",
        "survey_no": "116/4A",
        "village": "Jankipuram",
        "taluka": "Sarojini Nagar",
        "district": "Lucknow",
        "state": "Uttar Pradesh",
        "record_type": "Khatauni (Khasra & Khatauni)",
        "native_unit": "2.52 Acres",
        "area_sqm": 10187,
        "area_acres": 2.517,
        "owner_name": "Sridhar Ramasamy Gounder",
        "zone_type": "Mixed Use (MU)",
        "status": "Clear Title",
        "tax_status": "Paid",
        "encumbrance_status": "Clear",
        "dispute_status": "None",
        "health_score": 49,
        "risk_grade": "C (High Risk)",
        "risk_factors": [
          {
            "category": "Title",
            "severity": "Low",
            "description": "Boundary verification verified."
          }
        ],
        "utilities": {
          "water_connection": true,
          "water_pipe_dia_mm": 150,
          "electricity_load_kw": 75,
          "sewage_connected": false,
          "telecom_fiber": true
        },
        "valuation": {
          "circle_rate_per_sqm": 2643,
          "market_rate_per_sqm": 6240,
          "total_valuation_inr": 63566880
        },
        "satellite_change": {
          "baseline_year": 2020,
          "current_year": 2024,
          "historical_built_sqm": 1222,
          "current_built_sqm": 1451,
          "change_pct": 15,
          "unapproved_construction_flag": false,
          "encroachment_distance_m": 0.0,
          "detected_features": "Permitted spatial footprint matches town planning sanction."
        },
        "ownerId": "CIT-065",
        "surveyNumber": "116/4A"
      },
      "geometry": {
        "type": "Polygon",
        "coordinates": [
          [
            [
              80.936939,
              26.831403
            ],
            [
              80.939157,
              26.831423
            ],
            [
              80.93937,
              26.828202
            ],
            [
              80.936939,
              26.828248
            ],
            [
              80.936939,
              26.831403
            ]
          ]
        ]
      }
    },
    {
      "type": "Feature",
      "id": "PARCEL-061",
      "properties": {
        "ulpin": "04010010014304",
        "survey_no": "100/1",
        "village": "Sector 34",
        "taluka": "Chandigarh",
        "district": "Chandigarh",
        "state": "Chandigarh",
        "record_type": "PR Card (Property Register Card)",
        "native_unit": "2.23 Acres",
        "area_sqm": 9037,
        "area_acres": 2.233,
        "owner_name": "Harpreet Joginder Singh",
        "zone_type": "Commercial (C-2)",
        "status": "Clear Title",
        "tax_status": "Paid",
        "encumbrance_status": "Clear",
        "dispute_status": "None",
        "health_score": 91,
        "risk_grade": "A (Low Risk)",
        "risk_factors": [
          {
            "category": "Title",
            "severity": "Low",
            "description": "Boundary verification verified."
          }
        ],
        "utilities": {
          "water_connection": false,
          "water_pipe_dia_mm": 150,
          "electricity_load_kw": 75,
          "sewage_connected": false,
          "telecom_fiber": true
        },
        "valuation": {
          "circle_rate_per_sqm": 4617,
          "market_rate_per_sqm": 10081,
          "total_valuation_inr": 91101997
        },
        "satellite_change": {
          "baseline_year": 2020,
          "current_year": 2024,
          "historical_built_sqm": 1084,
          "current_built_sqm": 1992,
          "change_pct": 67,
          "unapproved_construction_flag": true,
          "encroachment_distance_m": 2.2,
          "detected_features": "Unauthorized setback encroachment flagged"
        },
        "ownerId": "CIT-058",
        "surveyNumber": "100/1"
      },
      "geometry": {
        "type": "Polygon",
        "coordinates": [
          [
            [
              76.786673,
              30.7315
            ],
            [
              76.788193,
              30.731495
            ],
            [
              76.788229,
              30.72958
            ],
            [
              76.786673,
              30.729702
            ],
            [
              76.786673,
              30.7315
            ]
          ]
        ]
      }
    },
    {
      "type": "Feature",
      "id": "PARCEL-062",
      "properties": {
        "ulpin": "09030020114281",
        "survey_no": "196/5",
        "village": "Jankipuram",
        "taluka": "Sarojini Nagar",
        "district": "Lucknow",
        "state": "Uttar Pradesh",
        "record_type": "Khatauni (Khasra & Khatauni)",
        "native_unit": "1.17 Acres",
        "area_sqm": 4745,
        "area_acres": 1.173,
        "owner_name": "Ganesh Manjunath Hegde",
        "zone_type": "Residential (R-1)",
        "status": "Disputed",
        "tax_status": "Paid",
        "encumbrance_status": "Lien Attached",
        "dispute_status": "Civil Suit #2023/81",
        "health_score": 68,
        "risk_grade": "B (Moderate Risk)",
        "risk_factors": [
          {
            "category": "Title",
            "severity": "High",
            "description": "Boundary verification verified."
          }
        ],
        "utilities": {
          "water_connection": true,
          "water_pipe_dia_mm": 100,
          "electricity_load_kw": 75,
          "sewage_connected": true,
          "telecom_fiber": true
        },
        "valuation": {
          "circle_rate_per_sqm": 3407,
          "market_rate_per_sqm": 9107,
          "total_valuation_inr": 43212715
        },
        "satellite_change": {
          "baseline_year": 2020,
          "current_year": 2024,
          "historical_built_sqm": 569,
          "current_built_sqm": 854,
          "change_pct": 40,
          "unapproved_construction_flag": true,
          "encroachment_distance_m": 1.6,
          "detected_features": "Unauthorized setback encroachment flagged"
        },
        "ownerId": "CIT-054",
        "surveyNumber": "196/5"
      },
      "geometry": {
        "type": "Polygon",
        "coordinates": [
          [
            [
              80.941456,
              26.82642
            ],
            [
              80.944894,
              26.826165
            ],
            [
              80.945097,
              26.824851
            ],
            [
              80.941456,
              26.824957
            ],
            [
              80.941456,
              26.82642
            ]
          ]
        ]
      }
    },
    {
      "type": "Feature",
      "id": "PARCEL-063",
      "properties": {
        "ulpin": "29180060202464",
        "survey_no": "154/4A",
        "village": "Begur",
        "taluka": "Bengaluru South",
        "district": "Bengaluru Urban",
        "state": "Karnataka",
        "record_type": "Bhoomi RTC (Pahani)",
        "native_unit": "1.06 Acres",
        "area_sqm": 4278,
        "area_acres": 1.057,
        "owner_name": "Praveen Suresh Bhat",
        "zone_type": "Commercial (C-1)",
        "status": "Under Mutation",
        "tax_status": "Paid",
        "encumbrance_status": "Lien Attached",
        "dispute_status": "Notice Period Active",
        "health_score": 46,
        "risk_grade": "C (High Risk)",
        "risk_factors": [
          {
            "category": "Title",
            "severity": "Low",
            "description": "Boundary verification verified."
          }
        ],
        "utilities": {
          "water_connection": false,
          "water_pipe_dia_mm": 100,
          "electricity_load_kw": 15,
          "sewage_connected": true,
          "telecom_fiber": true
        },
        "valuation": {
          "circle_rate_per_sqm": 6070,
          "market_rate_per_sqm": 12658,
          "total_valuation_inr": 54150924
        },
        "satellite_change": {
          "baseline_year": 2020,
          "current_year": 2024,
          "historical_built_sqm": 513,
          "current_built_sqm": 802,
          "change_pct": 45,
          "unapproved_construction_flag": false,
          "encroachment_distance_m": 0.0,
          "detected_features": "Permitted spatial footprint matches town planning sanction."
        },
        "ownerId": "CIT-082",
        "surveyNumber": "154/4A"
      },
      "geometry": {
        "type": "Polygon",
        "coordinates": [
          [
            [
              77.606663,
              12.939477
            ],
            [
              77.608769,
              12.939773
            ],
            [
              77.608866,
              12.937281
            ],
            [
              77.606663,
              12.937333
            ],
            [
              77.606663,
              12.939477
            ]
          ]
        ]
      }
    },
    {
      "type": "Feature",
      "id": "PARCEL-064",
      "properties": {
        "ulpin": "04010010016406",
        "survey_no": "23/1A",
        "village": "Manimajra",
        "taluka": "Chandigarh",
        "district": "Chandigarh",
        "state": "Chandigarh",
        "record_type": "PR Card (Property Register Card)",
        "native_unit": "2.56 Acres",
        "area_sqm": 10378,
        "area_acres": 2.564,
        "owner_name": "Murugan Palaniswamy Chettiar",
        "zone_type": "Agricultural (A-1)",
        "status": "Disputed",
        "tax_status": "Partially Paid",
        "encumbrance_status": "Lien Attached",
        "dispute_status": "Civil Suit #2023/81",
        "health_score": 93,
        "risk_grade": "A (Low Risk)",
        "risk_factors": [
          {
            "category": "Title",
            "severity": "High",
            "description": "Boundary verification verified."
          }
        ],
        "utilities": {
          "water_connection": false,
          "water_pipe_dia_mm": 200,
          "electricity_load_kw": 15,
          "sewage_connected": false,
          "telecom_fiber": true
        },
        "valuation": {
          "circle_rate_per_sqm": 6354,
          "market_rate_per_sqm": 12908,
          "total_valuation_inr": 133959224
        },
        "satellite_change": {
          "baseline_year": 2020,
          "current_year": 2024,
          "historical_built_sqm": 1245,
          "current_built_sqm": 1556,
          "change_pct": 20,
          "unapproved_construction_flag": true,
          "encroachment_distance_m": 3.3,
          "detected_features": "Unauthorized setback encroachment flagged"
        },
        "ownerId": "CIT-058",
        "surveyNumber": "23/1A"
      },
      "geometry": {
        "type": "Polygon",
        "coordinates": [
          [
            [
              76.75775,
              30.730444
            ],
            [
              76.759733,
              30.730191
            ],
            [
              76.759652,
              30.727976
            ],
            [
              76.75775,
              30.727936
            ],
            [
              76.75775,
              30.730444
            ]
          ]
        ]
      }
    },
    {
      "type": "Feature",
      "id": "PARCEL-065",
      "properties": {
        "ulpin": "04010010012201",
        "survey_no": "70/4A",
        "village": "Sector 17",
        "taluka": "Chandigarh",
        "district": "Chandigarh",
        "state": "Chandigarh",
        "record_type": "PR Card (Property Register Card)",
        "native_unit": "1.72 Acres",
        "area_sqm": 6952,
        "area_acres": 1.718,
        "owner_name": "Sunil Dharamveer Sharma",
        "zone_type": "Agricultural (A-1)",
        "status": "Clear Title",
        "tax_status": "Paid",
        "encumbrance_status": "Clear",
        "dispute_status": "None",
        "health_score": 90,
        "risk_grade": "A (Low Risk)",
        "risk_factors": [
          {
            "category": "Title",
            "severity": "Low",
            "description": "Boundary verification verified."
          }
        ],
        "utilities": {
          "water_connection": false,
          "water_pipe_dia_mm": 200,
          "electricity_load_kw": 50,
          "sewage_connected": false,
          "telecom_fiber": true
        },
        "valuation": {
          "circle_rate_per_sqm": 6462,
          "market_rate_per_sqm": 15963,
          "total_valuation_inr": 110974776
        },
        "satellite_change": {
          "baseline_year": 2020,
          "current_year": 2024,
          "historical_built_sqm": 834,
          "current_built_sqm": 1094,
          "change_pct": 25,
          "unapproved_construction_flag": false,
          "encroachment_distance_m": 0.0,
          "detected_features": "Permitted spatial footprint matches town planning sanction."
        },
        "ownerId": "CIT-045",
        "surveyNumber": "70/4A"
      },
      "geometry": {
        "type": "Polygon",
        "coordinates": [
          [
            [
              76.764308,
              30.710794
            ],
            [
              76.765888,
              30.710914
            ],
            [
              76.765682,
              30.707565
            ],
            [
              76.764308,
              30.707795
            ],
            [
              76.764308,
              30.710794
            ]
          ]
        ]
      }
    },
    {
      "type": "Feature",
      "id": "PARCEL-066",
      "properties": {
        "ulpin": "33010050083416",
        "survey_no": "75/1A",
        "village": "Oragadam",
        "taluka": "Sriperumbudur",
        "district": "Kanchipuram",
        "state": "Tamil Nadu",
        "record_type": "Patta & Chitta (e-Patta)",
        "native_unit": "1.96 Acres",
        "area_sqm": 7943,
        "area_acres": 1.963,
        "owner_name": "Harish Chandra Mishra",
        "zone_type": "Industrial (I-1)",
        "status": "Mortgaged",
        "tax_status": "Partially Paid",
        "encumbrance_status": "Mortgaged (SBI / HDFC)",
        "dispute_status": "None",
        "health_score": 85,
        "risk_grade": "A (Low Risk)",
        "risk_factors": [
          {
            "category": "Title",
            "severity": "Low",
            "description": "Boundary verification verified."
          }
        ],
        "utilities": {
          "water_connection": false,
          "water_pipe_dia_mm": 100,
          "electricity_load_kw": 75,
          "sewage_connected": false,
          "telecom_fiber": true
        },
        "valuation": {
          "circle_rate_per_sqm": 1365,
          "market_rate_per_sqm": 2013,
          "total_valuation_inr": 15989259
        },
        "satellite_change": {
          "baseline_year": 2020,
          "current_year": 2024,
          "historical_built_sqm": 953,
          "current_built_sqm": 1262,
          "change_pct": 26,
          "unapproved_construction_flag": false,
          "encroachment_distance_m": 0.0,
          "detected_features": "Permitted spatial footprint matches town planning sanction."
        },
        "ownerId": "CIT-012",
        "surveyNumber": "75/1A"
      },
      "geometry": {
        "type": "Polygon",
        "coordinates": [
          [
            [
              80.057841,
              12.899367
            ],
            [
              80.059667,
              12.899318
            ],
            [
              80.059468,
              12.89646
            ],
            [
              80.057841,
              12.896731
            ],
            [
              80.057841,
              12.899367
            ]
          ]
        ]
      }
    },
    {
      "type": "Feature",
      "id": "PARCEL-067",
      "properties": {
        "ulpin": "29180060200862",
        "survey_no": "50/1A",
        "village": "Bannerghatta",
        "taluka": "Bengaluru South",
        "district": "Bengaluru Urban",
        "state": "Karnataka",
        "record_type": "Bhoomi RTC (Pahani)",
        "native_unit": "0.74 Acres",
        "area_sqm": 2999,
        "area_acres": 0.741,
        "owner_name": "Rakesh Hanumant Shinde",
        "zone_type": "Mixed Use (MU)",
        "status": "Disputed",
        "tax_status": "Due",
        "encumbrance_status": "Lien Attached",
        "dispute_status": "Civil Suit #2023/81",
        "health_score": 89,
        "risk_grade": "A (Low Risk)",
        "risk_factors": [
          {
            "category": "Title",
            "severity": "High",
            "description": "Boundary verification verified."
          }
        ],
        "utilities": {
          "water_connection": true,
          "water_pipe_dia_mm": 100,
          "electricity_load_kw": 75,
          "sewage_connected": false,
          "telecom_fiber": true
        },
        "valuation": {
          "circle_rate_per_sqm": 4365,
          "market_rate_per_sqm": 9334,
          "total_valuation_inr": 27992666
        },
        "satellite_change": {
          "baseline_year": 2020,
          "current_year": 2024,
          "historical_built_sqm": 359,
          "current_built_sqm": 467,
          "change_pct": 24,
          "unapproved_construction_flag": true,
          "encroachment_distance_m": 5.2,
          "detected_features": "Unauthorized setback encroachment flagged"
        },
        "ownerId": "CIT-042",
        "surveyNumber": "50/1A"
      },
      "geometry": {
        "type": "Polygon",
        "coordinates": [
          [
            [
              77.597626,
              12.906662
            ],
            [
              77.6006,
              12.906897
            ],
            [
              77.600409,
              12.90459
            ],
            [
              77.597626,
              12.90471
            ],
            [
              77.597626,
              12.906662
            ]
          ]
        ]
      }
    },
    {
      "type": "Feature",
      "id": "PARCEL-068",
      "properties": {
        "ulpin": "04010010016533",
        "survey_no": "56/1A",
        "village": "Manimajra",
        "taluka": "Chandigarh",
        "district": "Chandigarh",
        "state": "Chandigarh",
        "record_type": "PR Card (Property Register Card)",
        "native_unit": "0.39 Acres",
        "area_sqm": 1569,
        "area_acres": 0.388,
        "owner_name": "Praveen Suresh Bhat",
        "zone_type": "Residential (R-2)",
        "status": "Clear Title",
        "tax_status": "Paid",
        "encumbrance_status": "Clear",
        "dispute_status": "None",
        "health_score": 82,
        "risk_grade": "A (Low Risk)",
        "risk_factors": [
          {
            "category": "Title",
            "severity": "Low",
            "description": "Boundary verification verified."
          }
        ],
        "utilities": {
          "water_connection": true,
          "water_pipe_dia_mm": 200,
          "electricity_load_kw": 25,
          "sewage_connected": true,
          "telecom_fiber": true
        },
        "valuation": {
          "circle_rate_per_sqm": 3403,
          "market_rate_per_sqm": 7758,
          "total_valuation_inr": 12172302
        },
        "satellite_change": {
          "baseline_year": 2020,
          "current_year": 2024,
          "historical_built_sqm": 188,
          "current_built_sqm": 331,
          "change_pct": 61,
          "unapproved_construction_flag": false,
          "encroachment_distance_m": 0.0,
          "detected_features": "Permitted spatial footprint matches town planning sanction."
        },
        "ownerId": "CIT-045",
        "surveyNumber": "56/1A"
      },
      "geometry": {
        "type": "Polygon",
        "coordinates": [
          [
            [
              76.793096,
              30.744143
            ],
            [
              76.795099,
              30.744183
            ],
            [
              76.794875,
              30.741799
            ],
            [
              76.793096,
              30.741705
            ],
            [
              76.793096,
              30.744143
            ]
          ]
        ]
      }
    },
    {
      "type": "Feature",
      "id": "PARCEL-069",
      "properties": {
        "ulpin": "27250010048777",
        "survey_no": "49/1",
        "village": "Manjri",
        "taluka": "Haveli",
        "district": "Pune",
        "state": "Maharashtra",
        "record_type": "7/12 & 8A",
        "native_unit": "1.57 Ha (155.3 Gunthas)",
        "area_sqm": 15715,
        "area_acres": 3.883,
        "owner_name": "Santosh Dharmendra Gupta",
        "zone_type": "Residential (R-1)",
        "status": "Clear Title",
        "tax_status": "Paid",
        "encumbrance_status": "Clear",
        "dispute_status": "None",
        "health_score": 70,
        "risk_grade": "B (Moderate Risk)",
        "risk_factors": [
          {
            "category": "Title",
            "severity": "Low",
            "description": "Boundary verification verified."
          }
        ],
        "utilities": {
          "water_connection": true,
          "water_pipe_dia_mm": 150,
          "electricity_load_kw": 75,
          "sewage_connected": false,
          "telecom_fiber": true
        },
        "valuation": {
          "circle_rate_per_sqm": 1653,
          "market_rate_per_sqm": 3662,
          "total_valuation_inr": 57548330
        },
        "satellite_change": {
          "baseline_year": 2020,
          "current_year": 2024,
          "historical_built_sqm": 1885,
          "current_built_sqm": 3583,
          "change_pct": 72,
          "unapproved_construction_flag": false,
          "encroachment_distance_m": 0.0,
          "detected_features": "Permitted spatial footprint matches town planning sanction."
        },
        "ownerId": "CIT-068",
        "surveyNumber": "49/1"
      },
      "geometry": {
        "type": "Polygon",
        "coordinates": [
          [
            [
              73.961413,
              18.558916
            ],
            [
              73.964768,
              18.55884
            ],
            [
              73.964548,
              18.556252
            ],
            [
              73.961413,
              18.556265
            ],
            [
              73.961413,
              18.558916
            ]
          ]
        ]
      }
    },
    {
      "type": "Feature",
      "id": "PARCEL-070",
      "properties": {
        "ulpin": "04010010016599",
        "survey_no": "63/1",
        "village": "Manimajra",
        "taluka": "Chandigarh",
        "district": "Chandigarh",
        "state": "Chandigarh",
        "record_type": "PR Card (Property Register Card)",
        "native_unit": "0.56 Acres",
        "area_sqm": 2265,
        "area_acres": 0.56,
        "owner_name": "Ajay Baburao Suryavanshi",
        "zone_type": "Commercial (C-1)",
        "status": "Disputed",
        "tax_status": "Partially Paid",
        "encumbrance_status": "Lien Attached",
        "dispute_status": "Civil Suit #2023/81",
        "health_score": 89,
        "risk_grade": "A (Low Risk)",
        "risk_factors": [
          {
            "category": "Title",
            "severity": "High",
            "description": "Boundary verification verified."
          }
        ],
        "utilities": {
          "water_connection": true,
          "water_pipe_dia_mm": 200,
          "electricity_load_kw": 75,
          "sewage_connected": true,
          "telecom_fiber": true
        },
        "valuation": {
          "circle_rate_per_sqm": 3449,
          "market_rate_per_sqm": 7535,
          "total_valuation_inr": 17066775
        },
        "satellite_change": {
          "baseline_year": 2020,
          "current_year": 2024,
          "historical_built_sqm": 271,
          "current_built_sqm": 417,
          "change_pct": 43,
          "unapproved_construction_flag": true,
          "encroachment_distance_m": 5.7,
          "detected_features": "Unauthorized setback encroachment flagged"
        },
        "ownerId": "CIT-058",
        "surveyNumber": "63/1"
      },
      "geometry": {
        "type": "Polygon",
        "coordinates": [
          [
            [
              76.800879,
              30.73253
            ],
            [
              76.803999,
              30.732248
            ],
            [
              76.803894,
              30.730118
            ],
            [
              76.800879,
              30.730255
            ],
            [
              76.800879,
              30.73253
            ]
          ]
        ]
      }
    },
    {
      "type": "Feature",
      "id": "PARCEL-071",
      "properties": {
        "ulpin": "04010010014215",
        "survey_no": "61/1A",
        "village": "Sector 34",
        "taluka": "Chandigarh",
        "district": "Chandigarh",
        "state": "Chandigarh",
        "record_type": "PR Card (Property Register Card)",
        "native_unit": "1.33 Acres",
        "area_sqm": 5380,
        "area_acres": 1.329,
        "owner_name": "Mahesh Vishnu Deshmukh",
        "zone_type": "Agricultural (A-1)",
        "status": "Mortgaged",
        "tax_status": "Partially Paid",
        "encumbrance_status": "Mortgaged (SBI / HDFC)",
        "dispute_status": "None",
        "health_score": 82,
        "risk_grade": "A (Low Risk)",
        "risk_factors": [
          {
            "category": "Title",
            "severity": "Low",
            "description": "Boundary verification verified."
          }
        ],
        "utilities": {
          "water_connection": true,
          "water_pipe_dia_mm": 100,
          "electricity_load_kw": 15,
          "sewage_connected": false,
          "telecom_fiber": true
        },
        "valuation": {
          "circle_rate_per_sqm": 5792,
          "market_rate_per_sqm": 11996,
          "total_valuation_inr": 64538480
        },
        "satellite_change": {
          "baseline_year": 2020,
          "current_year": 2024,
          "historical_built_sqm": 645,
          "current_built_sqm": 734,
          "change_pct": 11,
          "unapproved_construction_flag": false,
          "encroachment_distance_m": 0.0,
          "detected_features": "Permitted spatial footprint matches town planning sanction."
        },
        "ownerId": "CIT-028",
        "surveyNumber": "61/1A"
      },
      "geometry": {
        "type": "Polygon",
        "coordinates": [
          [
            [
              76.783648,
              30.734624
            ],
            [
              76.786515,
              30.734541
            ],
            [
              76.78636,
              30.732293
            ],
            [
              76.783648,
              30.732161
            ],
            [
              76.783648,
              30.734624
            ]
          ]
        ]
      }
    },
    {
      "type": "Feature",
      "id": "PARCEL-072",
      "properties": {
        "ulpin": "33010050083432",
        "survey_no": "135/3",
        "village": "Oragadam",
        "taluka": "Sriperumbudur",
        "district": "Kanchipuram",
        "state": "Tamil Nadu",
        "record_type": "Patta & Chitta (e-Patta)",
        "native_unit": "1.82 Acres",
        "area_sqm": 7382,
        "area_acres": 1.824,
        "owner_name": "Manoj Kailash Yadav",
        "zone_type": "Commercial (C-2)",
        "status": "Clear Title",
        "tax_status": "Paid",
        "encumbrance_status": "Clear",
        "dispute_status": "None",
        "health_score": 74,
        "risk_grade": "B (Moderate Risk)",
        "risk_factors": [
          {
            "category": "Title",
            "severity": "Low",
            "description": "Boundary verification verified."
          }
        ],
        "utilities": {
          "water_connection": true,
          "water_pipe_dia_mm": 200,
          "electricity_load_kw": 25,
          "sewage_connected": true,
          "telecom_fiber": true
        },
        "valuation": {
          "circle_rate_per_sqm": 4883,
          "market_rate_per_sqm": 7937,
          "total_valuation_inr": 58590934
        },
        "satellite_change": {
          "baseline_year": 2020,
          "current_year": 2024,
          "historical_built_sqm": 885,
          "current_built_sqm": 1904,
          "change_pct": 92,
          "unapproved_construction_flag": false,
          "encroachment_distance_m": 0.0,
          "detected_features": "Permitted spatial footprint matches town planning sanction."
        },
        "ownerId": "CIT-053",
        "surveyNumber": "135/3"
      },
      "geometry": {
        "type": "Polygon",
        "coordinates": [
          [
            [
              80.032561,
              12.909133
            ],
            [
              80.034855,
              12.909046
            ],
            [
              80.034876,
              12.906191
            ],
            [
              80.032561,
              12.90594
            ],
            [
              80.032561,
              12.909133
            ]
          ]
        ]
      }
    },
    {
      "type": "Feature",
      "id": "PARCEL-073",
      "properties": {
        "ulpin": "33010050083633",
        "survey_no": "28/4A",
        "village": "Oragadam",
        "taluka": "Sriperumbudur",
        "district": "Kanchipuram",
        "state": "Tamil Nadu",
        "record_type": "Patta & Chitta (e-Patta)",
        "native_unit": "3.18 Acres",
        "area_sqm": 12882,
        "area_acres": 3.183,
        "owner_name": "Ravi Bhanu Pandey",
        "zone_type": "Residential (R-1)",
        "status": "Disputed",
        "tax_status": "Due",
        "encumbrance_status": "Lien Attached",
        "dispute_status": "Civil Suit #2023/81",
        "health_score": 69,
        "risk_grade": "B (Moderate Risk)",
        "risk_factors": [
          {
            "category": "Title",
            "severity": "High",
            "description": "Boundary verification verified."
          }
        ],
        "utilities": {
          "water_connection": false,
          "water_pipe_dia_mm": 150,
          "electricity_load_kw": 50,
          "sewage_connected": true,
          "telecom_fiber": true
        },
        "valuation": {
          "circle_rate_per_sqm": 5922,
          "market_rate_per_sqm": 15615,
          "total_valuation_inr": 201152430
        },
        "satellite_change": {
          "baseline_year": 2020,
          "current_year": 2024,
          "historical_built_sqm": 1545,
          "current_built_sqm": 2937,
          "change_pct": 72,
          "unapproved_construction_flag": true,
          "encroachment_distance_m": 3.8,
          "detected_features": "Unauthorized setback encroachment flagged"
        },
        "ownerId": "CIT-077",
        "surveyNumber": "28/4A"
      },
      "geometry": {
        "type": "Polygon",
        "coordinates": [
          [
            [
              80.058587,
              12.890225
            ],
            [
              80.061345,
              12.890031
            ],
            [
              80.061077,
              12.888221
            ],
            [
              80.058587,
              12.888468
            ],
            [
              80.058587,
              12.890225
            ]
          ]
        ]
      }
    },
    {
      "type": "Feature",
      "id": "PARCEL-074",
      "properties": {
        "ulpin": "33010050082749",
        "survey_no": "13/2",
        "village": "Perungalathur",
        "taluka": "Sriperumbudur",
        "district": "Kanchipuram",
        "state": "Tamil Nadu",
        "record_type": "Patta & Chitta (e-Patta)",
        "native_unit": "1.17 Acres",
        "area_sqm": 4731,
        "area_acres": 1.169,
        "owner_name": "Gurpreet Balwinder Dhillon",
        "zone_type": "Commercial (C-1)",
        "status": "Clear Title",
        "tax_status": "Paid",
        "encumbrance_status": "Clear",
        "dispute_status": "None",
        "health_score": 73,
        "risk_grade": "B (Moderate Risk)",
        "risk_factors": [
          {
            "category": "Title",
            "severity": "Low",
            "description": "Boundary verification verified."
          }
        ],
        "utilities": {
          "water_connection": true,
          "water_pipe_dia_mm": 200,
          "electricity_load_kw": 15,
          "sewage_connected": false,
          "telecom_fiber": true
        },
        "valuation": {
          "circle_rate_per_sqm": 3743,
          "market_rate_per_sqm": 9029,
          "total_valuation_inr": 42716199
        },
        "satellite_change": {
          "baseline_year": 2020,
          "current_year": 2024,
          "historical_built_sqm": 567,
          "current_built_sqm": 879,
          "change_pct": 44,
          "unapproved_construction_flag": false,
          "encroachment_distance_m": 0.0,
          "detected_features": "Permitted spatial footprint matches town planning sanction."
        },
        "ownerId": "CIT-059",
        "surveyNumber": "13/2"
      },
      "geometry": {
        "type": "Polygon",
        "coordinates": [
          [
            [
              80.029178,
              12.8728
            ],
            [
              80.03102,
              12.872663
            ],
            [
              80.031169,
              12.86965
            ],
            [
              80.029178,
              12.869634
            ],
            [
              80.029178,
              12.8728
            ]
          ]
        ]
      }
    },
    {
      "type": "Feature",
      "id": "PARCEL-075",
      "properties": {
        "ulpin": "29180060202937",
        "survey_no": "85/2",
        "village": "Begur",
        "taluka": "Bengaluru South",
        "district": "Bengaluru Urban",
        "state": "Karnataka",
        "record_type": "Bhoomi RTC (Pahani)",
        "native_unit": "0.71 Acres",
        "area_sqm": 2878,
        "area_acres": 0.711,
        "owner_name": "Harish Chandra Mishra",
        "zone_type": "Commercial (C-1)",
        "status": "Disputed",
        "tax_status": "Paid",
        "encumbrance_status": "Lien Attached",
        "dispute_status": "Civil Suit #2023/81",
        "health_score": 75,
        "risk_grade": "B (Moderate Risk)",
        "risk_factors": [
          {
            "category": "Title",
            "severity": "High",
            "description": "Boundary verification verified."
          }
        ],
        "utilities": {
          "water_connection": false,
          "water_pipe_dia_mm": 200,
          "electricity_load_kw": 75,
          "sewage_connected": false,
          "telecom_fiber": true
        },
        "valuation": {
          "circle_rate_per_sqm": 1887,
          "market_rate_per_sqm": 3462,
          "total_valuation_inr": 9963636
        },
        "satellite_change": {
          "baseline_year": 2020,
          "current_year": 2024,
          "historical_built_sqm": 345,
          "current_built_sqm": 448,
          "change_pct": 24,
          "unapproved_construction_flag": true,
          "encroachment_distance_m": 3.4,
          "detected_features": "Unauthorized setback encroachment flagged"
        },
        "ownerId": "CIT-049",
        "surveyNumber": "85/2"
      },
      "geometry": {
        "type": "Polygon",
        "coordinates": [
          [
            [
              77.563028,
              12.938942
            ],
            [
              77.565951,
              12.939075
            ],
            [
              77.566013,
              12.936077
            ],
            [
              77.563028,
              12.9363
            ],
            [
              77.563028,
              12.938942
            ]
          ]
        ]
      }
    },
    {
      "type": "Feature",
      "id": "PARCEL-076",
      "properties": {
        "ulpin": "29180060201879",
        "survey_no": "158/1A",
        "village": "Anekal",
        "taluka": "Bengaluru South",
        "district": "Bengaluru Urban",
        "state": "Karnataka",
        "record_type": "Bhoomi RTC (Pahani)",
        "native_unit": "1.68 Acres",
        "area_sqm": 6811,
        "area_acres": 1.683,
        "owner_name": "Sanjay Dattatraya Jadhav",
        "zone_type": "Industrial (I-1)",
        "status": "Disputed",
        "tax_status": "Due",
        "encumbrance_status": "Lien Attached",
        "dispute_status": "Civil Suit #2023/81",
        "health_score": 72,
        "risk_grade": "B (Moderate Risk)",
        "risk_factors": [
          {
            "category": "Title",
            "severity": "High",
            "description": "Boundary verification verified."
          }
        ],
        "utilities": {
          "water_connection": false,
          "water_pipe_dia_mm": 150,
          "electricity_load_kw": 25,
          "sewage_connected": false,
          "telecom_fiber": true
        },
        "valuation": {
          "circle_rate_per_sqm": 2350,
          "market_rate_per_sqm": 3975,
          "total_valuation_inr": 27073725
        },
        "satellite_change": {
          "baseline_year": 2020,
          "current_year": 2024,
          "historical_built_sqm": 817,
          "current_built_sqm": 847,
          "change_pct": 3,
          "unapproved_construction_flag": true,
          "encroachment_distance_m": 3.1,
          "detected_features": "Unauthorized setback encroachment flagged"
        },
        "ownerId": "CIT-062",
        "surveyNumber": "158/1A"
      },
      "geometry": {
        "type": "Polygon",
        "coordinates": [
          [
            [
              77.590869,
              12.890968
            ],
            [
              77.593754,
              12.891254
            ],
            [
              77.59402,
              12.888877
            ],
            [
              77.590869,
              12.888987
            ],
            [
              77.590869,
              12.890968
            ]
          ]
        ]
      }
    },
    {
      "type": "Feature",
      "id": "PARCEL-077",
      "properties": {
        "ulpin": "29180060202946",
        "survey_no": "186/1",
        "village": "Begur",
        "taluka": "Bengaluru South",
        "district": "Bengaluru Urban",
        "state": "Karnataka",
        "record_type": "Bhoomi RTC (Pahani)",
        "native_unit": "2.90 Acres",
        "area_sqm": 11735,
        "area_acres": 2.9,
        "owner_name": "Ganesh Manjunath Hegde",
        "zone_type": "Eco-sensitive",
        "status": "Under Mutation",
        "tax_status": "Partially Paid",
        "encumbrance_status": "Lien Attached",
        "dispute_status": "Notice Period Active",
        "health_score": 89,
        "risk_grade": "A (Low Risk)",
        "risk_factors": [
          {
            "category": "Title",
            "severity": "Low",
            "description": "Boundary verification verified."
          }
        ],
        "utilities": {
          "water_connection": true,
          "water_pipe_dia_mm": 200,
          "electricity_load_kw": 25,
          "sewage_connected": false,
          "telecom_fiber": true
        },
        "valuation": {
          "circle_rate_per_sqm": 3743,
          "market_rate_per_sqm": 8658,
          "total_valuation_inr": 101601630
        },
        "satellite_change": {
          "baseline_year": 2020,
          "current_year": 2024,
          "historical_built_sqm": 1408,
          "current_built_sqm": 1830,
          "change_pct": 24,
          "unapproved_construction_flag": false,
          "encroachment_distance_m": 0.0,
          "detected_features": "Permitted spatial footprint matches town planning sanction."
        },
        "ownerId": "CIT-079",
        "surveyNumber": "186/1"
      },
      "geometry": {
        "type": "Polygon",
        "coordinates": [
          [
            [
              77.564934,
              12.929741
            ],
            [
              77.566749,
              12.929661
            ],
            [
              77.566643,
              12.927678
            ],
            [
              77.564934,
              12.927711
            ],
            [
              77.564934,
              12.929741
            ]
          ]
        ]
      }
    },
    {
      "type": "Feature",
      "id": "PARCEL-078",
      "properties": {
        "ulpin": "09030020115793",
        "survey_no": "61/4A",
        "village": "Chinhat",
        "taluka": "Sarojini Nagar",
        "district": "Lucknow",
        "state": "Uttar Pradesh",
        "record_type": "Khatauni (Khasra & Khatauni)",
        "native_unit": "2.72 Acres",
        "area_sqm": 11020,
        "area_acres": 2.723,
        "owner_name": "Santosh Dharmendra Gupta",
        "zone_type": "Eco-sensitive",
        "status": "Clear Title",
        "tax_status": "Paid",
        "encumbrance_status": "Lien Attached",
        "dispute_status": "None",
        "health_score": 87,
        "risk_grade": "A (Low Risk)",
        "risk_factors": [
          {
            "category": "Title",
            "severity": "Low",
            "description": "Boundary verification verified."
          }
        ],
        "utilities": {
          "water_connection": true,
          "water_pipe_dia_mm": 100,
          "electricity_load_kw": 50,
          "sewage_connected": false,
          "telecom_fiber": true
        },
        "valuation": {
          "circle_rate_per_sqm": 5371,
          "market_rate_per_sqm": 10493,
          "total_valuation_inr": 115632860
        },
        "satellite_change": {
          "baseline_year": 2020,
          "current_year": 2024,
          "historical_built_sqm": 1322,
          "current_built_sqm": 1669,
          "change_pct": 21,
          "unapproved_construction_flag": false,
          "encroachment_distance_m": 0.0,
          "detected_features": "Permitted spatial footprint matches town planning sanction."
        },
        "ownerId": "CIT-097",
        "surveyNumber": "61/4A"
      },
      "geometry": {
        "type": "Polygon",
        "coordinates": [
          [
            [
              80.927446,
              26.867194
            ],
            [
              80.930813,
              26.867176
            ],
            [
              80.930555,
              26.864455
            ],
            [
              80.927446,
              26.864564
            ],
            [
              80.927446,
              26.867194
            ]
          ]
        ]
      }
    },
    {
      "type": "Feature",
      "id": "PARCEL-079",
      "properties": {
        "ulpin": "27250010048913",
        "survey_no": "168/1A",
        "village": "Manjri",
        "taluka": "Haveli",
        "district": "Pune",
        "state": "Maharashtra",
        "record_type": "7/12 & 8A",
        "native_unit": "1.17 Ha (115.2 Gunthas)",
        "area_sqm": 11650,
        "area_acres": 2.879,
        "owner_name": "Nitin Bapurao Chavan",
        "zone_type": "Eco-sensitive",
        "status": "Clear Title",
        "tax_status": "Paid",
        "encumbrance_status": "Clear",
        "dispute_status": "None",
        "health_score": 89,
        "risk_grade": "A (Low Risk)",
        "risk_factors": [
          {
            "category": "Title",
            "severity": "Low",
            "description": "Boundary verification verified."
          }
        ],
        "utilities": {
          "water_connection": false,
          "water_pipe_dia_mm": 150,
          "electricity_load_kw": 50,
          "sewage_connected": false,
          "telecom_fiber": true
        },
        "valuation": {
          "circle_rate_per_sqm": 1795,
          "market_rate_per_sqm": 4737,
          "total_valuation_inr": 55186050
        },
        "satellite_change": {
          "baseline_year": 2020,
          "current_year": 2024,
          "historical_built_sqm": 1398,
          "current_built_sqm": 1747,
          "change_pct": 20,
          "unapproved_construction_flag": false,
          "encroachment_distance_m": 0.0,
          "detected_features": "Permitted spatial footprint matches town planning sanction."
        },
        "ownerId": "CIT-025",
        "surveyNumber": "168/1A"
      },
      "geometry": {
        "type": "Polygon",
        "coordinates": [
          [
            [
              73.997265,
              18.557574
            ],
            [
              74.000073,
              18.557775
            ],
            [
              74.000075,
              18.555745
            ],
            [
              73.997265,
              18.555696
            ],
            [
              73.997265,
              18.557574
            ]
          ]
        ]
      }
    },
    {
      "type": "Feature",
      "id": "PARCEL-080",
      "properties": {
        "ulpin": "09030020117499",
        "survey_no": "196/1A",
        "village": "Malihabad",
        "taluka": "Sarojini Nagar",
        "district": "Lucknow",
        "state": "Uttar Pradesh",
        "record_type": "Khatauni (Khasra & Khatauni)",
        "native_unit": "3.31 Acres",
        "area_sqm": 13415,
        "area_acres": 3.315,
        "owner_name": "Gurpreet Balwinder Dhillon",
        "zone_type": "Commercial (C-1)",
        "status": "Disputed",
        "tax_status": "Due",
        "encumbrance_status": "Lien Attached",
        "dispute_status": "Civil Suit #2023/81",
        "health_score": 47,
        "risk_grade": "C (High Risk)",
        "risk_factors": [
          {
            "category": "Title",
            "severity": "High",
            "description": "Boundary verification verified."
          }
        ],
        "utilities": {
          "water_connection": true,
          "water_pipe_dia_mm": 150,
          "electricity_load_kw": 50,
          "sewage_connected": false,
          "telecom_fiber": true
        },
        "valuation": {
          "circle_rate_per_sqm": 3168,
          "market_rate_per_sqm": 5456,
          "total_valuation_inr": 73192240
        },
        "satellite_change": {
          "baseline_year": 2020,
          "current_year": 2024,
          "historical_built_sqm": 1609,
          "current_built_sqm": 2253,
          "change_pct": 32,
          "unapproved_construction_flag": true,
          "encroachment_distance_m": 3.5,
          "detected_features": "Unauthorized setback encroachment flagged"
        },
        "ownerId": "CIT-097",
        "surveyNumber": "196/1A"
      },
      "geometry": {
        "type": "Polygon",
        "coordinates": [
          [
            [
              80.949976,
              26.84545
            ],
            [
              80.952812,
              26.845314
            ],
            [
              80.953091,
              26.842599
            ],
            [
              80.949976,
              26.842776
            ],
            [
              80.949976,
              26.84545
            ]
          ]
        ]
      }
    },
    {
      "type": "Feature",
      "id": "PARCEL-081",
      "properties": {
        "ulpin": "33010050082553",
        "survey_no": "16/5",
        "village": "Perungalathur",
        "taluka": "Sriperumbudur",
        "district": "Kanchipuram",
        "state": "Tamil Nadu",
        "record_type": "Patta & Chitta (e-Patta)",
        "native_unit": "0.50 Acres",
        "area_sqm": 2033,
        "area_acres": 0.502,
        "owner_name": "Ajay Baburao Suryavanshi",
        "zone_type": "Agricultural (A-1)",
        "status": "Mortgaged",
        "tax_status": "Due",
        "encumbrance_status": "Mortgaged (SBI / HDFC)",
        "dispute_status": "None",
        "health_score": 67,
        "risk_grade": "B (Moderate Risk)",
        "risk_factors": [
          {
            "category": "Title",
            "severity": "Low",
            "description": "Boundary verification verified."
          }
        ],
        "utilities": {
          "water_connection": true,
          "water_pipe_dia_mm": 200,
          "electricity_load_kw": 15,
          "sewage_connected": false,
          "telecom_fiber": true
        },
        "valuation": {
          "circle_rate_per_sqm": 4618,
          "market_rate_per_sqm": 9817,
          "total_valuation_inr": 19957961
        },
        "satellite_change": {
          "baseline_year": 2020,
          "current_year": 2024,
          "historical_built_sqm": 243,
          "current_built_sqm": 262,
          "change_pct": 6,
          "unapproved_construction_flag": true,
          "encroachment_distance_m": 4.0,
          "detected_features": "Unauthorized setback encroachment flagged"
        },
        "ownerId": "CIT-075",
        "surveyNumber": "16/5"
      },
      "geometry": {
        "type": "Polygon",
        "coordinates": [
          [
            [
              80.044749,
              12.902642
            ],
            [
              80.046636,
              12.902909
            ],
            [
              80.046357,
              12.900343
            ],
            [
              80.044749,
              12.90036
            ],
            [
              80.044749,
              12.902642
            ]
          ]
        ]
      }
    },
    {
      "type": "Feature",
      "id": "PARCEL-082",
      "properties": {
        "ulpin": "27250010048474",
        "survey_no": "76/2B",
        "village": "Manjri",
        "taluka": "Haveli",
        "district": "Pune",
        "state": "Maharashtra",
        "record_type": "7/12 & 8A",
        "native_unit": "1.33 Ha (131.8 Gunthas)",
        "area_sqm": 13330,
        "area_acres": 3.294,
        "owner_name": "Harish Chandra Mishra",
        "zone_type": "Commercial (C-2)",
        "status": "Clear Title",
        "tax_status": "Paid",
        "encumbrance_status": "Clear",
        "dispute_status": "None",
        "health_score": 69,
        "risk_grade": "B (Moderate Risk)",
        "risk_factors": [
          {
            "category": "Title",
            "severity": "Low",
            "description": "Boundary verification verified."
          }
        ],
        "utilities": {
          "water_connection": true,
          "water_pipe_dia_mm": 100,
          "electricity_load_kw": 75,
          "sewage_connected": true,
          "telecom_fiber": true
        },
        "valuation": {
          "circle_rate_per_sqm": 1877,
          "market_rate_per_sqm": 4922,
          "total_valuation_inr": 65610260
        },
        "satellite_change": {
          "baseline_year": 2020,
          "current_year": 2024,
          "historical_built_sqm": 1599,
          "current_built_sqm": 2439,
          "change_pct": 42,
          "unapproved_construction_flag": false,
          "encroachment_distance_m": 0.0,
          "detected_features": "Permitted spatial footprint matches town planning sanction."
        },
        "ownerId": "CIT-072",
        "surveyNumber": "76/2B"
      },
      "geometry": {
        "type": "Polygon",
        "coordinates": [
          [
            [
              74.003842,
              18.557158
            ],
            [
              74.006707,
              18.557445
            ],
            [
              74.006949,
              18.55375
            ],
            [
              74.003842,
              18.553609
            ],
            [
              74.003842,
              18.557158
            ]
          ]
        ]
      }
    },
    {
      "type": "Feature",
      "id": "PARCEL-083",
      "properties": {
        "ulpin": "29180060201758",
        "survey_no": "27/3",
        "village": "Anekal",
        "taluka": "Bengaluru South",
        "district": "Bengaluru Urban",
        "state": "Karnataka",
        "record_type": "Bhoomi RTC (Pahani)",
        "native_unit": "2.74 Acres",
        "area_sqm": 11084,
        "area_acres": 2.739,
        "owner_name": "Vikas Pandurang More",
        "zone_type": "Residential (R-1)",
        "status": "Under Mutation",
        "tax_status": "Paid",
        "encumbrance_status": "Lien Attached",
        "dispute_status": "Notice Period Active",
        "health_score": 74,
        "risk_grade": "B (Moderate Risk)",
        "risk_factors": [
          {
            "category": "Title",
            "severity": "Low",
            "description": "Boundary verification verified."
          }
        ],
        "utilities": {
          "water_connection": true,
          "water_pipe_dia_mm": 100,
          "electricity_load_kw": 15,
          "sewage_connected": false,
          "telecom_fiber": true
        },
        "valuation": {
          "circle_rate_per_sqm": 2397,
          "market_rate_per_sqm": 3999,
          "total_valuation_inr": 44324916
        },
        "satellite_change": {
          "baseline_year": 2020,
          "current_year": 2024,
          "historical_built_sqm": 1330,
          "current_built_sqm": 1845,
          "change_pct": 31,
          "unapproved_construction_flag": false,
          "encroachment_distance_m": 0.0,
          "detected_features": "Permitted spatial footprint matches town planning sanction."
        },
        "ownerId": "CIT-025",
        "surveyNumber": "27/3"
      },
      "geometry": {
        "type": "Polygon",
        "coordinates": [
          [
            [
              77.596513,
              12.917321
            ],
            [
              77.59928,
              12.917265
            ],
            [
              77.598981,
              12.915627
            ],
            [
              77.596513,
              12.91576
            ],
            [
              77.596513,
              12.917321
            ]
          ]
        ]
      }
    },
    {
      "type": "Feature",
      "id": "PARCEL-084",
      "properties": {
        "ulpin": "04010010012548",
        "survey_no": "105/1",
        "village": "Sector 17",
        "taluka": "Chandigarh",
        "district": "Chandigarh",
        "state": "Chandigarh",
        "record_type": "PR Card (Property Register Card)",
        "native_unit": "1.82 Acres",
        "area_sqm": 7386,
        "area_acres": 1.825,
        "owner_name": "Gurpreet Balwinder Dhillon",
        "zone_type": "Industrial (I-1)",
        "status": "Under Mutation",
        "tax_status": "Paid",
        "encumbrance_status": "Lien Attached",
        "dispute_status": "Notice Period Active",
        "health_score": 58,
        "risk_grade": "C (High Risk)",
        "risk_factors": [
          {
            "category": "Title",
            "severity": "Low",
            "description": "Boundary verification verified."
          }
        ],
        "utilities": {
          "water_connection": true,
          "water_pipe_dia_mm": 200,
          "electricity_load_kw": 75,
          "sewage_connected": false,
          "telecom_fiber": true
        },
        "valuation": {
          "circle_rate_per_sqm": 2047,
          "market_rate_per_sqm": 4322,
          "total_valuation_inr": 31922292
        },
        "satellite_change": {
          "baseline_year": 2020,
          "current_year": 2024,
          "historical_built_sqm": 886,
          "current_built_sqm": 1141,
          "change_pct": 23,
          "unapproved_construction_flag": false,
          "encroachment_distance_m": 0.0,
          "detected_features": "Permitted spatial footprint matches town planning sanction."
        },
        "ownerId": "CIT-099",
        "surveyNumber": "105/1"
      },
      "geometry": {
        "type": "Polygon",
        "coordinates": [
          [
            [
              76.775214,
              30.716
            ],
            [
              76.77852,
              30.71571
            ],
            [
              76.778285,
              30.714124
            ],
            [
              76.775214,
              30.714257
            ],
            [
              76.775214,
              30.716
            ]
          ]
        ]
      }
    },
    {
      "type": "Feature",
      "id": "PARCEL-085",
      "properties": {
        "ulpin": "09030020114496",
        "survey_no": "108/5",
        "village": "Jankipuram",
        "taluka": "Sarojini Nagar",
        "district": "Lucknow",
        "state": "Uttar Pradesh",
        "record_type": "Khatauni (Khasra & Khatauni)",
        "native_unit": "0.39 Acres",
        "area_sqm": 1577,
        "area_acres": 0.39,
        "owner_name": "Nitin Bapurao Chavan",
        "zone_type": "Agricultural (A-1)",
        "status": "Under Mutation",
        "tax_status": "Paid",
        "encumbrance_status": "Lien Attached",
        "dispute_status": "Notice Period Active",
        "health_score": 90,
        "risk_grade": "A (Low Risk)",
        "risk_factors": [
          {
            "category": "Title",
            "severity": "Low",
            "description": "Boundary verification verified."
          }
        ],
        "utilities": {
          "water_connection": true,
          "water_pipe_dia_mm": 150,
          "electricity_load_kw": 75,
          "sewage_connected": true,
          "telecom_fiber": true
        },
        "valuation": {
          "circle_rate_per_sqm": 1749,
          "market_rate_per_sqm": 4047,
          "total_valuation_inr": 6382119
        },
        "satellite_change": {
          "baseline_year": 2020,
          "current_year": 2024,
          "historical_built_sqm": 189,
          "current_built_sqm": 257,
          "change_pct": 29,
          "unapproved_construction_flag": true,
          "encroachment_distance_m": 3.0,
          "detected_features": "Unauthorized setback encroachment flagged"
        },
        "ownerId": "CIT-059",
        "surveyNumber": "108/5"
      },
      "geometry": {
        "type": "Polygon",
        "coordinates": [
          [
            [
              80.95409,
              26.82014
            ],
            [
              80.955969,
              26.82012
            ],
            [
              80.955783,
              26.818029
            ],
            [
              80.95409,
              26.817788
            ],
            [
              80.95409,
              26.82014
            ]
          ]
        ]
      }
    },
    {
      "type": "Feature",
      "id": "PARCEL-086",
      "properties": {
        "ulpin": "29180060200212",
        "survey_no": "78/1",
        "village": "Bannerghatta",
        "taluka": "Bengaluru South",
        "district": "Bengaluru Urban",
        "state": "Karnataka",
        "record_type": "Bhoomi RTC (Pahani)",
        "native_unit": "2.91 Acres",
        "area_sqm": 11792,
        "area_acres": 2.914,
        "owner_name": "Mahesh Vishnu Deshmukh",
        "zone_type": "Commercial (C-1)",
        "status": "Clear Title",
        "tax_status": "Paid",
        "encumbrance_status": "Lien Attached",
        "dispute_status": "None",
        "health_score": 87,
        "risk_grade": "A (Low Risk)",
        "risk_factors": [
          {
            "category": "Title",
            "severity": "Low",
            "description": "Boundary verification verified."
          }
        ],
        "utilities": {
          "water_connection": true,
          "water_pipe_dia_mm": 100,
          "electricity_load_kw": 50,
          "sewage_connected": true,
          "telecom_fiber": true
        },
        "valuation": {
          "circle_rate_per_sqm": 4998,
          "market_rate_per_sqm": 9977,
          "total_valuation_inr": 117648784
        },
        "satellite_change": {
          "baseline_year": 2020,
          "current_year": 2024,
          "historical_built_sqm": 1415,
          "current_built_sqm": 1768,
          "change_pct": 20,
          "unapproved_construction_flag": false,
          "encroachment_distance_m": 0.0,
          "detected_features": "Permitted spatial footprint matches town planning sanction."
        },
        "ownerId": "CIT-060",
        "surveyNumber": "78/1"
      },
      "geometry": {
        "type": "Polygon",
        "coordinates": [
          [
            [
              77.599471,
              12.927084
            ],
            [
              77.601473,
              12.926825
            ],
            [
              77.601481,
              12.924248
            ],
            [
              77.599471,
              12.924243
            ],
            [
              77.599471,
              12.927084
            ]
          ]
        ]
      }
    },
    {
      "type": "Feature",
      "id": "PARCEL-087",
      "properties": {
        "ulpin": "04010010014927",
        "survey_no": "100/3",
        "village": "Sector 34",
        "taluka": "Chandigarh",
        "district": "Chandigarh",
        "state": "Chandigarh",
        "record_type": "PR Card (Property Register Card)",
        "native_unit": "2.12 Acres",
        "area_sqm": 8564,
        "area_acres": 2.116,
        "owner_name": "Ajay Baburao Suryavanshi",
        "zone_type": "Industrial (I-1)",
        "status": "Clear Title",
        "tax_status": "Paid",
        "encumbrance_status": "Lien Attached",
        "dispute_status": "None",
        "health_score": 65,
        "risk_grade": "B (Moderate Risk)",
        "risk_factors": [
          {
            "category": "Title",
            "severity": "Low",
            "description": "Boundary verification verified."
          }
        ],
        "utilities": {
          "water_connection": true,
          "water_pipe_dia_mm": 200,
          "electricity_load_kw": 50,
          "sewage_connected": true,
          "telecom_fiber": true
        },
        "valuation": {
          "circle_rate_per_sqm": 5376,
          "market_rate_per_sqm": 8668,
          "total_valuation_inr": 74232752
        },
        "satellite_change": {
          "baseline_year": 2020,
          "current_year": 2024,
          "historical_built_sqm": 1027,
          "current_built_sqm": 1066,
          "change_pct": 3,
          "unapproved_construction_flag": false,
          "encroachment_distance_m": 0.0,
          "detected_features": "Permitted spatial footprint matches town planning sanction."
        },
        "ownerId": "CIT-063",
        "surveyNumber": "100/3"
      },
      "geometry": {
        "type": "Polygon",
        "coordinates": [
          [
            [
              76.799092,
              30.71798
            ],
            [
              76.802398,
              30.717727
            ],
            [
              76.802519,
              30.715123
            ],
            [
              76.799092,
              30.715301
            ],
            [
              76.799092,
              30.71798
            ]
          ]
        ]
      }
    },
    {
      "type": "Feature",
      "id": "PARCEL-088",
      "properties": {
        "ulpin": "33010050083203",
        "survey_no": "91/4A",
        "village": "Oragadam",
        "taluka": "Sriperumbudur",
        "district": "Kanchipuram",
        "state": "Tamil Nadu",
        "record_type": "Patta & Chitta (e-Patta)",
        "native_unit": "3.50 Acres",
        "area_sqm": 14178,
        "area_acres": 3.503,
        "owner_name": "Ashok Suryakant Verma",
        "zone_type": "Mixed Use (MU)",
        "status": "Clear Title",
        "tax_status": "Paid",
        "encumbrance_status": "Clear",
        "dispute_status": "None",
        "health_score": 78,
        "risk_grade": "B (Moderate Risk)",
        "risk_factors": [
          {
            "category": "Title",
            "severity": "Low",
            "description": "Boundary verification verified."
          }
        ],
        "utilities": {
          "water_connection": true,
          "water_pipe_dia_mm": 100,
          "electricity_load_kw": 15,
          "sewage_connected": true,
          "telecom_fiber": true
        },
        "valuation": {
          "circle_rate_per_sqm": 2177,
          "market_rate_per_sqm": 5780,
          "total_valuation_inr": 81948840
        },
        "satellite_change": {
          "baseline_year": 2020,
          "current_year": 2024,
          "historical_built_sqm": 1701,
          "current_built_sqm": 2020,
          "change_pct": 15,
          "unapproved_construction_flag": false,
          "encroachment_distance_m": 0.0,
          "detected_features": "Permitted spatial footprint matches town planning sanction."
        },
        "ownerId": "CIT-020",
        "surveyNumber": "91/4A"
      },
      "geometry": {
        "type": "Polygon",
        "coordinates": [
          [
            [
              80.052929,
              12.86535
            ],
            [
              80.055641,
              12.865212
            ],
            [
              80.05586,
              12.862887
            ],
            [
              80.052929,
              12.862706
            ],
            [
              80.052929,
              12.86535
            ]
          ]
        ]
      }
    },
    {
      "type": "Feature",
      "id": "PARCEL-089",
      "properties": {
        "ulpin": "09030020117129",
        "survey_no": "46/2",
        "village": "Malihabad",
        "taluka": "Sarojini Nagar",
        "district": "Lucknow",
        "state": "Uttar Pradesh",
        "record_type": "Khatauni (Khasra & Khatauni)",
        "native_unit": "2.21 Acres",
        "area_sqm": 8931,
        "area_acres": 2.207,
        "owner_name": "Ashok Suryakant Verma",
        "zone_type": "Industrial (I-1)",
        "status": "Clear Title",
        "tax_status": "Paid",
        "encumbrance_status": "Clear",
        "dispute_status": "None",
        "health_score": 85,
        "risk_grade": "A (Low Risk)",
        "risk_factors": [
          {
            "category": "Title",
            "severity": "Low",
            "description": "Boundary verification verified."
          }
        ],
        "utilities": {
          "water_connection": true,
          "water_pipe_dia_mm": 200,
          "electricity_load_kw": 75,
          "sewage_connected": false,
          "telecom_fiber": true
        },
        "valuation": {
          "circle_rate_per_sqm": 2656,
          "market_rate_per_sqm": 3775,
          "total_valuation_inr": 33714525
        },
        "satellite_change": {
          "baseline_year": 2020,
          "current_year": 2024,
          "historical_built_sqm": 1071,
          "current_built_sqm": 1420,
          "change_pct": 26,
          "unapproved_construction_flag": false,
          "encroachment_distance_m": 0.0,
          "detected_features": "Permitted spatial footprint matches town planning sanction."
        },
        "ownerId": "CIT-057",
        "surveyNumber": "46/2"
      },
      "geometry": {
        "type": "Polygon",
        "coordinates": [
          [
            [
              80.926071,
              26.821249
            ],
            [
              80.928971,
              26.821384
            ],
            [
              80.928748,
              26.818944
            ],
            [
              80.926071,
              26.819224
            ],
            [
              80.926071,
              26.821249
            ]
          ]
        ]
      }
    },
    {
      "type": "Feature",
      "id": "PARCEL-090",
      "properties": {
        "ulpin": "29180060201618",
        "survey_no": "57/1",
        "village": "Anekal",
        "taluka": "Bengaluru South",
        "district": "Bengaluru Urban",
        "state": "Karnataka",
        "record_type": "Bhoomi RTC (Pahani)",
        "native_unit": "1.61 Acres",
        "area_sqm": 6502,
        "area_acres": 1.607,
        "owner_name": "Pramod Kashinath Pawar",
        "zone_type": "Industrial (I-1)",
        "status": "Disputed",
        "tax_status": "Paid",
        "encumbrance_status": "Lien Attached",
        "dispute_status": "Civil Suit #2023/81",
        "health_score": 85,
        "risk_grade": "A (Low Risk)",
        "risk_factors": [
          {
            "category": "Title",
            "severity": "High",
            "description": "Boundary verification verified."
          }
        ],
        "utilities": {
          "water_connection": true,
          "water_pipe_dia_mm": 100,
          "electricity_load_kw": 50,
          "sewage_connected": true,
          "telecom_fiber": true
        },
        "valuation": {
          "circle_rate_per_sqm": 4706,
          "market_rate_per_sqm": 7315,
          "total_valuation_inr": 47562130
        },
        "satellite_change": {
          "baseline_year": 2020,
          "current_year": 2024,
          "historical_built_sqm": 780,
          "current_built_sqm": 965,
          "change_pct": 19,
          "unapproved_construction_flag": true,
          "encroachment_distance_m": 3.5,
          "detected_features": "Unauthorized setback encroachment flagged"
        },
        "ownerId": "CIT-061",
        "surveyNumber": "57/1"
      },
      "geometry": {
        "type": "Polygon",
        "coordinates": [
          [
            [
              77.59591,
              12.903986
            ],
            [
              77.597672,
              12.903892
            ],
            [
              77.597466,
              12.902184
            ],
            [
              77.59591,
              12.901956
            ],
            [
              77.59591,
              12.903986
            ]
          ]
        ]
      }
    },
    {
      "type": "Feature",
      "id": "PARCEL-091",
      "properties": {
        "ulpin": "29180060201416",
        "survey_no": "179/5",
        "village": "Anekal",
        "taluka": "Bengaluru South",
        "district": "Bengaluru Urban",
        "state": "Karnataka",
        "record_type": "Bhoomi RTC (Pahani)",
        "native_unit": "2.63 Acres",
        "area_sqm": 10659,
        "area_acres": 2.634,
        "owner_name": "Ashok Suryakant Verma",
        "zone_type": "Residential (R-1)",
        "status": "Mortgaged",
        "tax_status": "Paid",
        "encumbrance_status": "Mortgaged (SBI / HDFC)",
        "dispute_status": "None",
        "health_score": 86,
        "risk_grade": "A (Low Risk)",
        "risk_factors": [
          {
            "category": "Title",
            "severity": "Low",
            "description": "Boundary verification verified."
          }
        ],
        "utilities": {
          "water_connection": false,
          "water_pipe_dia_mm": 200,
          "electricity_load_kw": 75,
          "sewage_connected": false,
          "telecom_fiber": true
        },
        "valuation": {
          "circle_rate_per_sqm": 4620,
          "market_rate_per_sqm": 7671,
          "total_valuation_inr": 81765189
        },
        "satellite_change": {
          "baseline_year": 2020,
          "current_year": 2024,
          "historical_built_sqm": 1279,
          "current_built_sqm": 2318,
          "change_pct": 65,
          "unapproved_construction_flag": false,
          "encroachment_distance_m": 0.0,
          "detected_features": "Permitted spatial footprint matches town planning sanction."
        },
        "ownerId": "CIT-058",
        "surveyNumber": "179/5"
      },
      "geometry": {
        "type": "Polygon",
        "coordinates": [
          [
            [
              77.591679,
              12.934716
            ],
            [
              77.593297,
              12.934514
            ],
            [
              77.593009,
              12.931567
            ],
            [
              77.591679,
              12.931798
            ],
            [
              77.591679,
              12.934716
            ]
          ]
        ]
      }
    },
    {
      "type": "Feature",
      "id": "PARCEL-092",
      "properties": {
        "ulpin": "33010050084788",
        "survey_no": "131/1",
        "village": "Tambaram",
        "taluka": "Sriperumbudur",
        "district": "Kanchipuram",
        "state": "Tamil Nadu",
        "record_type": "Patta & Chitta (e-Patta)",
        "native_unit": "3.57 Acres",
        "area_sqm": 14449,
        "area_acres": 3.57,
        "owner_name": "Ashok Suryakant Verma",
        "zone_type": "Eco-sensitive",
        "status": "Disputed",
        "tax_status": "Partially Paid",
        "encumbrance_status": "Lien Attached",
        "dispute_status": "Civil Suit #2023/81",
        "health_score": 87,
        "risk_grade": "A (Low Risk)",
        "risk_factors": [
          {
            "category": "Title",
            "severity": "High",
            "description": "Boundary verification verified."
          }
        ],
        "utilities": {
          "water_connection": false,
          "water_pipe_dia_mm": 150,
          "electricity_load_kw": 25,
          "sewage_connected": false,
          "telecom_fiber": true
        },
        "valuation": {
          "circle_rate_per_sqm": 6130,
          "market_rate_per_sqm": 10469,
          "total_valuation_inr": 151266581
        },
        "satellite_change": {
          "baseline_year": 2020,
          "current_year": 2024,
          "historical_built_sqm": 1733,
          "current_built_sqm": 2210,
          "change_pct": 22,
          "unapproved_construction_flag": true,
          "encroachment_distance_m": 3.6,
          "detected_features": "Unauthorized setback encroachment flagged"
        },
        "ownerId": "CIT-091",
        "surveyNumber": "131/1"
      },
      "geometry": {
        "type": "Polygon",
        "coordinates": [
          [
            [
              80.063225,
              12.900532
            ],
            [
              80.065454,
              12.900699
            ],
            [
              80.065574,
              12.898266
            ],
            [
              80.063225,
              12.898165
            ],
            [
              80.063225,
              12.900532
            ]
          ]
        ]
      }
    },
    {
      "type": "Feature",
      "id": "PARCEL-093",
      "properties": {
        "ulpin": "04010010014882",
        "survey_no": "35/5",
        "village": "Sector 34",
        "taluka": "Chandigarh",
        "district": "Chandigarh",
        "state": "Chandigarh",
        "record_type": "PR Card (Property Register Card)",
        "native_unit": "3.31 Acres",
        "area_sqm": 13394,
        "area_acres": 3.31,
        "owner_name": "Devendra Pratap Singh",
        "zone_type": "Commercial (C-1)",
        "status": "Mortgaged",
        "tax_status": "Due",
        "encumbrance_status": "Mortgaged (SBI / HDFC)",
        "dispute_status": "None",
        "health_score": 72,
        "risk_grade": "B (Moderate Risk)",
        "risk_factors": [
          {
            "category": "Title",
            "severity": "Low",
            "description": "Boundary verification verified."
          }
        ],
        "utilities": {
          "water_connection": true,
          "water_pipe_dia_mm": 150,
          "electricity_load_kw": 15,
          "sewage_connected": false,
          "telecom_fiber": true
        },
        "valuation": {
          "circle_rate_per_sqm": 5411,
          "market_rate_per_sqm": 9881,
          "total_valuation_inr": 132346114
        },
        "satellite_change": {
          "baseline_year": 2020,
          "current_year": 2024,
          "historical_built_sqm": 1607,
          "current_built_sqm": 3294,
          "change_pct": 84,
          "unapproved_construction_flag": false,
          "encroachment_distance_m": 0.0,
          "detected_features": "Permitted spatial footprint matches town planning sanction."
        },
        "ownerId": "CIT-085",
        "surveyNumber": "35/5"
      },
      "geometry": {
        "type": "Polygon",
        "coordinates": [
          [
            [
              76.784333,
              30.713202
            ],
            [
              76.786544,
              30.713049
            ],
            [
              76.786677,
              30.709974
            ],
            [
              76.784333,
              30.710153
            ],
            [
              76.784333,
              30.713202
            ]
          ]
        ]
      }
    },
    {
      "type": "Feature",
      "id": "PARCEL-094",
      "properties": {
        "ulpin": "04010010016583",
        "survey_no": "99/4A",
        "village": "Manimajra",
        "taluka": "Chandigarh",
        "district": "Chandigarh",
        "state": "Chandigarh",
        "record_type": "PR Card (Property Register Card)",
        "native_unit": "2.60 Acres",
        "area_sqm": 10519,
        "area_acres": 2.599,
        "owner_name": "Harish Chandra Mishra",
        "zone_type": "Residential (R-1)",
        "status": "Clear Title",
        "tax_status": "Paid",
        "encumbrance_status": "Lien Attached",
        "dispute_status": "None",
        "health_score": 90,
        "risk_grade": "A (Low Risk)",
        "risk_factors": [
          {
            "category": "Title",
            "severity": "Low",
            "description": "Boundary verification verified."
          }
        ],
        "utilities": {
          "water_connection": false,
          "water_pipe_dia_mm": 150,
          "electricity_load_kw": 15,
          "sewage_connected": false,
          "telecom_fiber": true
        },
        "valuation": {
          "circle_rate_per_sqm": 4964,
          "market_rate_per_sqm": 12180,
          "total_valuation_inr": 128121420
        },
        "satellite_change": {
          "baseline_year": 2020,
          "current_year": 2024,
          "historical_built_sqm": 1262,
          "current_built_sqm": 1814,
          "change_pct": 35,
          "unapproved_construction_flag": false,
          "encroachment_distance_m": 0.0,
          "detected_features": "Permitted spatial footprint matches town planning sanction."
        },
        "ownerId": "CIT-094",
        "surveyNumber": "99/4A"
      },
      "geometry": {
        "type": "Polygon",
        "coordinates": [
          [
            [
              76.791846,
              30.738652
            ],
            [
              76.79487,
              30.738478
            ],
            [
              76.794733,
              30.736074
            ],
            [
              76.791846,
              30.736133
            ],
            [
              76.791846,
              30.738652
            ]
          ]
        ]
      }
    },
    {
      "type": "Feature",
      "id": "PARCEL-095",
      "properties": {
        "ulpin": "09030020114546",
        "survey_no": "78/1",
        "village": "Jankipuram",
        "taluka": "Sarojini Nagar",
        "district": "Lucknow",
        "state": "Uttar Pradesh",
        "record_type": "Khatauni (Khasra & Khatauni)",
        "native_unit": "2.40 Acres",
        "area_sqm": 9713,
        "area_acres": 2.4,
        "owner_name": "Deepak Shankar Bhosale",
        "zone_type": "Commercial (C-1)",
        "status": "Under Mutation",
        "tax_status": "Due",
        "encumbrance_status": "Lien Attached",
        "dispute_status": "Notice Period Active",
        "health_score": 65,
        "risk_grade": "B (Moderate Risk)",
        "risk_factors": [
          {
            "category": "Title",
            "severity": "Low",
            "description": "Boundary verification verified."
          }
        ],
        "utilities": {
          "water_connection": true,
          "water_pipe_dia_mm": 150,
          "electricity_load_kw": 75,
          "sewage_connected": false,
          "telecom_fiber": true
        },
        "valuation": {
          "circle_rate_per_sqm": 6115,
          "market_rate_per_sqm": 9666,
          "total_valuation_inr": 93885858
        },
        "satellite_change": {
          "baseline_year": 2020,
          "current_year": 2024,
          "historical_built_sqm": 1165,
          "current_built_sqm": 2010,
          "change_pct": 58,
          "unapproved_construction_flag": false,
          "encroachment_distance_m": 0.0,
          "detected_features": "Permitted spatial footprint matches town planning sanction."
        },
        "ownerId": "CIT-012",
        "surveyNumber": "78/1"
      },
      "geometry": {
        "type": "Polygon",
        "coordinates": [
          [
            [
              80.957961,
              26.836227
            ],
            [
              80.96068,
              26.836263
            ],
            [
              80.960908,
              26.834003
            ],
            [
              80.957961,
              26.833907
            ],
            [
              80.957961,
              26.836227
            ]
          ]
        ]
      }
    },
    {
      "type": "Feature",
      "id": "PARCEL-096",
      "properties": {
        "ulpin": "04010010016976",
        "survey_no": "129/5",
        "village": "Manimajra",
        "taluka": "Chandigarh",
        "district": "Chandigarh",
        "state": "Chandigarh",
        "record_type": "PR Card (Property Register Card)",
        "native_unit": "1.07 Acres",
        "area_sqm": 4319,
        "area_acres": 1.067,
        "owner_name": "Ajay Baburao Suryavanshi",
        "zone_type": "Commercial (C-2)",
        "status": "Under Mutation",
        "tax_status": "Due",
        "encumbrance_status": "Lien Attached",
        "dispute_status": "Notice Period Active",
        "health_score": 75,
        "risk_grade": "B (Moderate Risk)",
        "risk_factors": [
          {
            "category": "Title",
            "severity": "Low",
            "description": "Boundary verification verified."
          }
        ],
        "utilities": {
          "water_connection": false,
          "water_pipe_dia_mm": 200,
          "electricity_load_kw": 50,
          "sewage_connected": true,
          "telecom_fiber": true
        },
        "valuation": {
          "circle_rate_per_sqm": 6429,
          "market_rate_per_sqm": 13010,
          "total_valuation_inr": 56190190
        },
        "satellite_change": {
          "baseline_year": 2020,
          "current_year": 2024,
          "historical_built_sqm": 518,
          "current_built_sqm": 751,
          "change_pct": 36,
          "unapproved_construction_flag": true,
          "encroachment_distance_m": 2.2,
          "detected_features": "Unauthorized setback encroachment flagged"
        },
        "ownerId": "CIT-029",
        "surveyNumber": "129/5"
      },
      "geometry": {
        "type": "Polygon",
        "coordinates": [
          [
            [
              76.783699,
              30.754365
            ],
            [
              76.786544,
              30.754315
            ],
            [
              76.786261,
              30.751576
            ],
            [
              76.783699,
              30.751392
            ],
            [
              76.783699,
              30.754365
            ]
          ]
        ]
      }
    },
    {
      "type": "Feature",
      "id": "PARCEL-097",
      "properties": {
        "ulpin": "27250010047398",
        "survey_no": "49/5",
        "village": "Uruli Kanchan",
        "taluka": "Haveli",
        "district": "Pune",
        "state": "Maharashtra",
        "record_type": "7/12 & 8A",
        "native_unit": "0.82 Ha (80.6 Gunthas)",
        "area_sqm": 8155,
        "area_acres": 2.015,
        "owner_name": "Sunil Dharamveer Sharma",
        "zone_type": "Agricultural (A-1)",
        "status": "Disputed",
        "tax_status": "Due",
        "encumbrance_status": "Lien Attached",
        "dispute_status": "Civil Suit #2023/81",
        "health_score": 93,
        "risk_grade": "A (Low Risk)",
        "risk_factors": [
          {
            "category": "Title",
            "severity": "High",
            "description": "Boundary verification verified."
          }
        ],
        "utilities": {
          "water_connection": true,
          "water_pipe_dia_mm": 150,
          "electricity_load_kw": 15,
          "sewage_connected": false,
          "telecom_fiber": true
        },
        "valuation": {
          "circle_rate_per_sqm": 6028,
          "market_rate_per_sqm": 8553,
          "total_valuation_inr": 69749715
        },
        "satellite_change": {
          "baseline_year": 2020,
          "current_year": 2024,
          "historical_built_sqm": 978,
          "current_built_sqm": 1198,
          "change_pct": 18,
          "unapproved_construction_flag": true,
          "encroachment_distance_m": 5.2,
          "detected_features": "Unauthorized setback encroachment flagged"
        },
        "ownerId": "CIT-048",
        "surveyNumber": "49/5"
      },
      "geometry": {
        "type": "Polygon",
        "coordinates": [
          [
            [
              73.961085,
              18.56552
            ],
            [
              73.964382,
              18.565513
            ],
            [
              73.964514,
              18.563836
            ],
            [
              73.961085,
              18.563716
            ],
            [
              73.961085,
              18.56552
            ]
          ]
        ]
      }
    },
    {
      "type": "Feature",
      "id": "PARCEL-098",
      "properties": {
        "ulpin": "27250010048604",
        "survey_no": "87/2",
        "village": "Manjri",
        "taluka": "Haveli",
        "district": "Pune",
        "state": "Maharashtra",
        "record_type": "7/12 & 8A",
        "native_unit": "0.52 Ha (51.7 Gunthas)",
        "area_sqm": 5233,
        "area_acres": 1.293,
        "owner_name": "Gurpreet Balwinder Dhillon",
        "zone_type": "Commercial (C-2)",
        "status": "Mortgaged",
        "tax_status": "Partially Paid",
        "encumbrance_status": "Mortgaged (SBI / HDFC)",
        "dispute_status": "None",
        "health_score": 62,
        "risk_grade": "B (Moderate Risk)",
        "risk_factors": [
          {
            "category": "Title",
            "severity": "Low",
            "description": "Boundary verification verified."
          }
        ],
        "utilities": {
          "water_connection": false,
          "water_pipe_dia_mm": 100,
          "electricity_load_kw": 50,
          "sewage_connected": true,
          "telecom_fiber": true
        },
        "valuation": {
          "circle_rate_per_sqm": 2475,
          "market_rate_per_sqm": 4561,
          "total_valuation_inr": 23867713
        },
        "satellite_change": {
          "baseline_year": 2020,
          "current_year": 2024,
          "historical_built_sqm": 627,
          "current_built_sqm": 918,
          "change_pct": 37,
          "unapproved_construction_flag": false,
          "encroachment_distance_m": 0.0,
          "detected_features": "Permitted spatial footprint matches town planning sanction."
        },
        "ownerId": "CIT-090",
        "surveyNumber": "87/2"
      },
      "geometry": {
        "type": "Polygon",
        "coordinates": [
          [
            [
              74.004392,
              18.559562
            ],
            [
              74.006748,
              18.5594
            ],
            [
              74.006458,
              18.556062
            ],
            [
              74.004392,
              18.55616
            ],
            [
              74.004392,
              18.559562
            ]
          ]
        ]
      }
    },
    {
      "type": "Feature",
      "id": "PARCEL-099",
      "properties": {
        "ulpin": "27250010048406",
        "survey_no": "99/3",
        "village": "Manjri",
        "taluka": "Haveli",
        "district": "Pune",
        "state": "Maharashtra",
        "record_type": "7/12 & 8A",
        "native_unit": "0.70 Ha (69.5 Gunthas)",
        "area_sqm": 7035,
        "area_acres": 1.738,
        "owner_name": "Praveen Suresh Bhat",
        "zone_type": "Mixed Use (MU)",
        "status": "Disputed",
        "tax_status": "Paid",
        "encumbrance_status": "Lien Attached",
        "dispute_status": "Civil Suit #2023/81",
        "health_score": 86,
        "risk_grade": "A (Low Risk)",
        "risk_factors": [
          {
            "category": "Title",
            "severity": "High",
            "description": "Boundary verification verified."
          }
        ],
        "utilities": {
          "water_connection": true,
          "water_pipe_dia_mm": 200,
          "electricity_load_kw": 75,
          "sewage_connected": false,
          "telecom_fiber": true
        },
        "valuation": {
          "circle_rate_per_sqm": 3764,
          "market_rate_per_sqm": 6214,
          "total_valuation_inr": 43715490
        },
        "satellite_change": {
          "baseline_year": 2020,
          "current_year": 2024,
          "historical_built_sqm": 844,
          "current_built_sqm": 981,
          "change_pct": 13,
          "unapproved_construction_flag": true,
          "encroachment_distance_m": 2.2,
          "detected_features": "Unauthorized setback encroachment flagged"
        },
        "ownerId": "CIT-077",
        "surveyNumber": "99/3"
      },
      "geometry": {
        "type": "Polygon",
        "coordinates": [
          [
            [
              74.000791,
              18.55674
            ],
            [
              74.003911,
              18.556602
            ],
            [
              74.003873,
              18.554138
            ],
            [
              74.000791,
              18.553916
            ],
            [
              74.000791,
              18.55674
            ]
          ]
        ]
      }
    },
    {
      "type": "Feature",
      "id": "PARCEL-100",
      "properties": {
        "ulpin": "29180060202939",
        "survey_no": "111/4A",
        "village": "Begur",
        "taluka": "Bengaluru South",
        "district": "Bengaluru Urban",
        "state": "Karnataka",
        "record_type": "Bhoomi RTC (Pahani)",
        "native_unit": "1.84 Acres",
        "area_sqm": 7429,
        "area_acres": 1.836,
        "owner_name": "Nitin Bapurao Chavan",
        "zone_type": "Commercial (C-1)",
        "status": "Under Mutation",
        "tax_status": "Paid",
        "encumbrance_status": "Lien Attached",
        "dispute_status": "Notice Period Active",
        "health_score": 58,
        "risk_grade": "C (High Risk)",
        "risk_factors": [
          {
            "category": "Title",
            "severity": "Low",
            "description": "Boundary verification verified."
          }
        ],
        "utilities": {
          "water_connection": false,
          "water_pipe_dia_mm": 150,
          "electricity_load_kw": 50,
          "sewage_connected": false,
          "telecom_fiber": true
        },
        "valuation": {
          "circle_rate_per_sqm": 3923,
          "market_rate_per_sqm": 8894,
          "total_valuation_inr": 66073526
        },
        "satellite_change": {
          "baseline_year": 2020,
          "current_year": 2024,
          "historical_built_sqm": 891,
          "current_built_sqm": 1693,
          "change_pct": 72,
          "unapproved_construction_flag": false,
          "encroachment_distance_m": 0.0,
          "detected_features": "Permitted spatial footprint matches town planning sanction."
        },
        "ownerId": "CIT-037",
        "surveyNumber": "111/4A"
      },
      "geometry": {
        "type": "Polygon",
        "coordinates": [
          [
            [
              77.58908,
              12.919308
            ],
            [
              77.59063,
              12.919473
            ],
            [
              77.59087,
              12.917642
            ],
            [
              77.58908,
              12.917921
            ],
            [
              77.58908,
              12.919308
            ]
          ]
        ]
      }
    },
    {
      "type": "Feature",
      "id": "PARCEL-101",
      "properties": {
        "ulpin": "33010050083415",
        "survey_no": "17/1",
        "village": "Oragadam",
        "taluka": "Sriperumbudur",
        "district": "Kanchipuram",
        "state": "Tamil Nadu",
        "record_type": "Patta & Chitta (e-Patta)",
        "native_unit": "1.49 Acres",
        "area_sqm": 6046,
        "area_acres": 1.494,
        "owner_name": "Karthik Subramanian Natarajan",
        "zone_type": "Commercial (C-1)",
        "status": "Under Mutation",
        "tax_status": "Due",
        "encumbrance_status": "Lien Attached",
        "dispute_status": "Notice Period Active",
        "health_score": 91,
        "risk_grade": "A (Low Risk)",
        "risk_factors": [
          {
            "category": "Title",
            "severity": "Low",
            "description": "Boundary verification verified."
          }
        ],
        "utilities": {
          "water_connection": false,
          "water_pipe_dia_mm": 150,
          "electricity_load_kw": 75,
          "sewage_connected": false,
          "telecom_fiber": true
        },
        "valuation": {
          "circle_rate_per_sqm": 2771,
          "market_rate_per_sqm": 4403,
          "total_valuation_inr": 26620538
        },
        "satellite_change": {
          "baseline_year": 2020,
          "current_year": 2024,
          "historical_built_sqm": 725,
          "current_built_sqm": 870,
          "change_pct": 16,
          "unapproved_construction_flag": false,
          "encroachment_distance_m": 0.0,
          "detected_features": "Permitted spatial footprint matches town planning sanction."
        },
        "ownerId": "CIT-097",
        "surveyNumber": "17/1"
      },
      "geometry": {
        "type": "Polygon",
        "coordinates": [
          [
            [
              80.063021,
              12.913987
            ],
            [
              80.066036,
              12.914148
            ],
            [
              80.06579,
              12.910571
            ],
            [
              80.063021,
              12.91049
            ],
            [
              80.063021,
              12.913987
            ]
          ]
        ]
      }
    },
    {
      "type": "Feature",
      "id": "PARCEL-102",
      "properties": {
        "ulpin": "33010050084929",
        "survey_no": "196/1",
        "village": "Tambaram",
        "taluka": "Sriperumbudur",
        "district": "Kanchipuram",
        "state": "Tamil Nadu",
        "record_type": "Patta & Chitta (e-Patta)",
        "native_unit": "0.46 Acres",
        "area_sqm": 1874,
        "area_acres": 0.463,
        "owner_name": "Sachin Ramchandra Gaikwad",
        "zone_type": "Agricultural (A-1)",
        "status": "Under Mutation",
        "tax_status": "Paid",
        "encumbrance_status": "Lien Attached",
        "dispute_status": "Notice Period Active",
        "health_score": 68,
        "risk_grade": "B (Moderate Risk)",
        "risk_factors": [
          {
            "category": "Title",
            "severity": "Low",
            "description": "Boundary verification verified."
          }
        ],
        "utilities": {
          "water_connection": false,
          "water_pipe_dia_mm": 150,
          "electricity_load_kw": 50,
          "sewage_connected": true,
          "telecom_fiber": true
        },
        "valuation": {
          "circle_rate_per_sqm": 1313,
          "market_rate_per_sqm": 2097,
          "total_valuation_inr": 3929778
        },
        "satellite_change": {
          "baseline_year": 2020,
          "current_year": 2024,
          "historical_built_sqm": 224,
          "current_built_sqm": 252,
          "change_pct": 10,
          "unapproved_construction_flag": false,
          "encroachment_distance_m": 0.0,
          "detected_features": "Permitted spatial footprint matches town planning sanction."
        },
        "ownerId": "CIT-095",
        "surveyNumber": "196/1"
      },
      "geometry": {
        "type": "Polygon",
        "coordinates": [
          [
            [
              80.065979,
              12.909935
            ],
            [
              80.069114,
              12.909875
            ],
            [
              80.06927,
              12.908185
            ],
            [
              80.065979,
              12.908429
            ],
            [
              80.065979,
              12.909935
            ]
          ]
        ]
      }
    },
    {
      "type": "Feature",
      "id": "PARCEL-103",
      "properties": {
        "ulpin": "04010010014672",
        "survey_no": "111/4A",
        "village": "Sector 34",
        "taluka": "Chandigarh",
        "district": "Chandigarh",
        "state": "Chandigarh",
        "record_type": "PR Card (Property Register Card)",
        "native_unit": "0.95 Acres",
        "area_sqm": 3860,
        "area_acres": 0.954,
        "owner_name": "Ganesh Manjunath Hegde",
        "zone_type": "Residential (R-1)",
        "status": "Disputed",
        "tax_status": "Due",
        "encumbrance_status": "Lien Attached",
        "dispute_status": "Civil Suit #2023/81",
        "health_score": 94,
        "risk_grade": "A (Low Risk)",
        "risk_factors": [
          {
            "category": "Title",
            "severity": "High",
            "description": "Boundary verification verified."
          }
        ],
        "utilities": {
          "water_connection": true,
          "water_pipe_dia_mm": 200,
          "electricity_load_kw": 50,
          "sewage_connected": false,
          "telecom_fiber": true
        },
        "valuation": {
          "circle_rate_per_sqm": 3645,
          "market_rate_per_sqm": 5185,
          "total_valuation_inr": 20014100
        },
        "satellite_change": {
          "baseline_year": 2020,
          "current_year": 2024,
          "historical_built_sqm": 463,
          "current_built_sqm": 631,
          "change_pct": 29,
          "unapproved_construction_flag": true,
          "encroachment_distance_m": 3.4,
          "detected_features": "Unauthorized setback encroachment flagged"
        },
        "ownerId": "CIT-064",
        "surveyNumber": "111/4A"
      },
      "geometry": {
        "type": "Polygon",
        "coordinates": [
          [
            [
              76.755801,
              30.740723
            ],
            [
              76.759198,
              30.740897
            ],
            [
              76.759282,
              30.738351
            ],
            [
              76.755801,
              30.738557
            ],
            [
              76.755801,
              30.740723
            ]
          ]
        ]
      }
    },
    {
      "type": "Feature",
      "id": "PARCEL-104",
      "properties": {
        "ulpin": "27250010046209",
        "survey_no": "138/5",
        "village": "Kesnand",
        "taluka": "Haveli",
        "district": "Pune",
        "state": "Maharashtra",
        "record_type": "7/12 & 8A",
        "native_unit": "0.81 Ha (80.6 Gunthas)",
        "area_sqm": 8154,
        "area_acres": 2.015,
        "owner_name": "Arun Gopal Kulkarni",
        "zone_type": "Industrial (I-1)",
        "status": "Disputed",
        "tax_status": "Partially Paid",
        "encumbrance_status": "Lien Attached",
        "dispute_status": "Civil Suit #2023/81",
        "health_score": 72,
        "risk_grade": "B (Moderate Risk)",
        "risk_factors": [
          {
            "category": "Title",
            "severity": "High",
            "description": "Boundary verification verified."
          }
        ],
        "utilities": {
          "water_connection": true,
          "water_pipe_dia_mm": 100,
          "electricity_load_kw": 15,
          "sewage_connected": true,
          "telecom_fiber": true
        },
        "valuation": {
          "circle_rate_per_sqm": 4121,
          "market_rate_per_sqm": 5796,
          "total_valuation_inr": 47260584
        },
        "satellite_change": {
          "baseline_year": 2020,
          "current_year": 2024,
          "historical_built_sqm": 978,
          "current_built_sqm": 1198,
          "change_pct": 18,
          "unapproved_construction_flag": true,
          "encroachment_distance_m": 3.2,
          "detected_features": "Unauthorized setback encroachment flagged"
        },
        "ownerId": "CIT-077",
        "surveyNumber": "138/5"
      },
      "geometry": {
        "type": "Polygon",
        "coordinates": [
          [
            [
              74.002464,
              18.565246
            ],
            [
              74.004927,
              18.56532
            ],
            [
              74.004828,
              18.562401
            ],
            [
              74.002464,
              18.562527
            ],
            [
              74.002464,
              18.565246
            ]
          ]
        ]
      }
    },
    {
      "type": "Feature",
      "id": "PARCEL-105",
      "properties": {
        "ulpin": "04010010012931",
        "survey_no": "117/1",
        "village": "Sector 17",
        "taluka": "Chandigarh",
        "district": "Chandigarh",
        "state": "Chandigarh",
        "record_type": "PR Card (Property Register Card)",
        "native_unit": "0.32 Acres",
        "area_sqm": 1281,
        "area_acres": 0.317,
        "owner_name": "Pramod Kashinath Pawar",
        "zone_type": "Mixed Use (MU)",
        "status": "Clear Title",
        "tax_status": "Paid",
        "encumbrance_status": "Clear",
        "dispute_status": "None",
        "health_score": 87,
        "risk_grade": "A (Low Risk)",
        "risk_factors": [
          {
            "category": "Title",
            "severity": "Low",
            "description": "Boundary verification verified."
          }
        ],
        "utilities": {
          "water_connection": false,
          "water_pipe_dia_mm": 100,
          "electricity_load_kw": 25,
          "sewage_connected": false,
          "telecom_fiber": true
        },
        "valuation": {
          "circle_rate_per_sqm": 1303,
          "market_rate_per_sqm": 2411,
          "total_valuation_inr": 3088491
        },
        "satellite_change": {
          "baseline_year": 2020,
          "current_year": 2024,
          "historical_built_sqm": 153,
          "current_built_sqm": 159,
          "change_pct": 3,
          "unapproved_construction_flag": false,
          "encroachment_distance_m": 0.0,
          "detected_features": "Permitted spatial footprint matches town planning sanction."
        },
        "ownerId": "CIT-044",
        "surveyNumber": "117/1"
      },
      "geometry": {
        "type": "Polygon",
        "coordinates": [
          [
            [
              76.772373,
              30.713672
            ],
            [
              76.775208,
              30.713802
            ],
            [
              76.775004,
              30.711763
            ],
            [
              76.772373,
              30.711477
            ],
            [
              76.772373,
              30.713672
            ]
          ]
        ]
      }
    },
    {
      "type": "Feature",
      "id": "PARCEL-106",
      "properties": {
        "ulpin": "04010010012908",
        "survey_no": "30/4A",
        "village": "Sector 17",
        "taluka": "Chandigarh",
        "district": "Chandigarh",
        "state": "Chandigarh",
        "record_type": "PR Card (Property Register Card)",
        "native_unit": "3.81 Acres",
        "area_sqm": 15436,
        "area_acres": 3.814,
        "owner_name": "Brijesh Ramakant Tiwari",
        "zone_type": "Agricultural (A-1)",
        "status": "Clear Title",
        "tax_status": "Paid",
        "encumbrance_status": "Clear",
        "dispute_status": "None",
        "health_score": 87,
        "risk_grade": "A (Low Risk)",
        "risk_factors": [
          {
            "category": "Title",
            "severity": "Low",
            "description": "Boundary verification verified."
          }
        ],
        "utilities": {
          "water_connection": true,
          "water_pipe_dia_mm": 100,
          "electricity_load_kw": 15,
          "sewage_connected": true,
          "telecom_fiber": true
        },
        "valuation": {
          "circle_rate_per_sqm": 4384,
          "market_rate_per_sqm": 6909,
          "total_valuation_inr": 106647324
        },
        "satellite_change": {
          "baseline_year": 2020,
          "current_year": 2024,
          "historical_built_sqm": 1852,
          "current_built_sqm": 2292,
          "change_pct": 19,
          "unapproved_construction_flag": false,
          "encroachment_distance_m": 0.0,
          "detected_features": "Permitted spatial footprint matches town planning sanction."
        },
        "ownerId": "CIT-071",
        "surveyNumber": "30/4A"
      },
      "geometry": {
        "type": "Polygon",
        "coordinates": [
          [
            [
              76.79527,
              30.734535
            ],
            [
              76.797434,
              30.734782
            ],
            [
              76.797732,
              30.731774
            ],
            [
              76.79527,
              30.731963
            ],
            [
              76.79527,
              30.734535
            ]
          ]
        ]
      }
    },
    {
      "type": "Feature",
      "id": "PARCEL-107",
      "properties": {
        "ulpin": "29180060202997",
        "survey_no": "54/5",
        "village": "Begur",
        "taluka": "Bengaluru South",
        "district": "Bengaluru Urban",
        "state": "Karnataka",
        "record_type": "Bhoomi RTC (Pahani)",
        "native_unit": "2.69 Acres",
        "area_sqm": 10871,
        "area_acres": 2.686,
        "owner_name": "Vikas Pandurang More",
        "zone_type": "Eco-sensitive",
        "status": "Clear Title",
        "tax_status": "Paid",
        "encumbrance_status": "Clear",
        "dispute_status": "None",
        "health_score": 93,
        "risk_grade": "A (Low Risk)",
        "risk_factors": [
          {
            "category": "Title",
            "severity": "Low",
            "description": "Boundary verification verified."
          }
        ],
        "utilities": {
          "water_connection": false,
          "water_pipe_dia_mm": 200,
          "electricity_load_kw": 50,
          "sewage_connected": false,
          "telecom_fiber": true
        },
        "valuation": {
          "circle_rate_per_sqm": 5567,
          "market_rate_per_sqm": 12084,
          "total_valuation_inr": 131365164
        },
        "satellite_change": {
          "baseline_year": 2020,
          "current_year": 2024,
          "historical_built_sqm": 1304,
          "current_built_sqm": 1516,
          "change_pct": 13,
          "unapproved_construction_flag": false,
          "encroachment_distance_m": 0.0,
          "detected_features": "Permitted spatial footprint matches town planning sanction."
        },
        "ownerId": "CIT-017",
        "surveyNumber": "54/5"
      },
      "geometry": {
        "type": "Polygon",
        "coordinates": [
          [
            [
              77.563132,
              12.929009
            ],
            [
              77.566039,
              12.92888
            ],
            [
              77.565968,
              12.927483
            ],
            [
              77.563132,
              12.927293
            ],
            [
              77.563132,
              12.929009
            ]
          ]
        ]
      }
    },
    {
      "type": "Feature",
      "id": "PARCEL-108",
      "properties": {
        "ulpin": "29180060200375",
        "survey_no": "56/5",
        "village": "Bannerghatta",
        "taluka": "Bengaluru South",
        "district": "Bengaluru Urban",
        "state": "Karnataka",
        "record_type": "Bhoomi RTC (Pahani)",
        "native_unit": "3.66 Acres",
        "area_sqm": 14822,
        "area_acres": 3.663,
        "owner_name": "Anand Venkatesh Iyer",
        "zone_type": "Industrial (I-1)",
        "status": "Disputed",
        "tax_status": "Due",
        "encumbrance_status": "Lien Attached",
        "dispute_status": "Civil Suit #2023/81",
        "health_score": 67,
        "risk_grade": "B (Moderate Risk)",
        "risk_factors": [
          {
            "category": "Title",
            "severity": "High",
            "description": "Boundary verification verified."
          }
        ],
        "utilities": {
          "water_connection": true,
          "water_pipe_dia_mm": 150,
          "electricity_load_kw": 75,
          "sewage_connected": false,
          "telecom_fiber": true
        },
        "valuation": {
          "circle_rate_per_sqm": 4230,
          "market_rate_per_sqm": 6396,
          "total_valuation_inr": 94801512
        },
        "satellite_change": {
          "baseline_year": 2020,
          "current_year": 2024,
          "historical_built_sqm": 1778,
          "current_built_sqm": 2423,
          "change_pct": 29,
          "unapproved_construction_flag": true,
          "encroachment_distance_m": 6.0,
          "detected_features": "Unauthorized setback encroachment flagged"
        },
        "ownerId": "CIT-067",
        "surveyNumber": "56/5"
      },
      "geometry": {
        "type": "Polygon",
        "coordinates": [
          [
            [
              77.596419,
              12.895909
            ],
            [
              77.599124,
              12.895659
            ],
            [
              77.599027,
              12.892695
            ],
            [
              77.596419,
              12.89294
            ],
            [
              77.596419,
              12.895909
            ]
          ]
        ]
      }
    },
    {
      "type": "Feature",
      "id": "PARCEL-109",
      "properties": {
        "ulpin": "29180060202848",
        "survey_no": "182/1A",
        "village": "Begur",
        "taluka": "Bengaluru South",
        "district": "Bengaluru Urban",
        "state": "Karnataka",
        "record_type": "Bhoomi RTC (Pahani)",
        "native_unit": "2.74 Acres",
        "area_sqm": 11079,
        "area_acres": 2.738,
        "owner_name": "Praveen Suresh Bhat",
        "zone_type": "Residential (R-1)",
        "status": "Disputed",
        "tax_status": "Partially Paid",
        "encumbrance_status": "Lien Attached",
        "dispute_status": "Civil Suit #2023/81",
        "health_score": 76,
        "risk_grade": "B (Moderate Risk)",
        "risk_factors": [
          {
            "category": "Title",
            "severity": "High",
            "description": "Boundary verification verified."
          }
        ],
        "utilities": {
          "water_connection": false,
          "water_pipe_dia_mm": 150,
          "electricity_load_kw": 50,
          "sewage_connected": true,
          "telecom_fiber": true
        },
        "valuation": {
          "circle_rate_per_sqm": 3459,
          "market_rate_per_sqm": 6526,
          "total_valuation_inr": 72301554
        },
        "satellite_change": {
          "baseline_year": 2020,
          "current_year": 2024,
          "historical_built_sqm": 1329,
          "current_built_sqm": 2692,
          "change_pct": 82,
          "unapproved_construction_flag": true,
          "encroachment_distance_m": 2.7,
          "detected_features": "Unauthorized setback encroachment flagged"
        },
        "ownerId": "CIT-035",
        "surveyNumber": "182/1A"
      },
      "geometry": {
        "type": "Polygon",
        "coordinates": [
          [
            [
              77.573301,
              12.892413
            ],
            [
              77.576257,
              12.89214
            ],
            [
              77.576259,
              12.890683
            ],
            [
              77.573301,
              12.890681
            ],
            [
              77.573301,
              12.892413
            ]
          ]
        ]
      }
    },
    {
      "type": "Feature",
      "id": "PARCEL-110",
      "properties": {
        "ulpin": "09030020114739",
        "survey_no": "27/5",
        "village": "Jankipuram",
        "taluka": "Sarojini Nagar",
        "district": "Lucknow",
        "state": "Uttar Pradesh",
        "record_type": "Khatauni (Khasra & Khatauni)",
        "native_unit": "1.64 Acres",
        "area_sqm": 6632,
        "area_acres": 1.639,
        "owner_name": "Manpreet Jaswant Kaur",
        "zone_type": "Residential (R-2)",
        "status": "Clear Title",
        "tax_status": "Paid",
        "encumbrance_status": "Clear",
        "dispute_status": "None",
        "health_score": 49,
        "risk_grade": "C (High Risk)",
        "risk_factors": [
          {
            "category": "Title",
            "severity": "Low",
            "description": "Boundary verification verified."
          }
        ],
        "utilities": {
          "water_connection": true,
          "water_pipe_dia_mm": 200,
          "electricity_load_kw": 25,
          "sewage_connected": true,
          "telecom_fiber": true
        },
        "valuation": {
          "circle_rate_per_sqm": 4311,
          "market_rate_per_sqm": 11034,
          "total_valuation_inr": 73177488
        },
        "satellite_change": {
          "baseline_year": 2020,
          "current_year": 2024,
          "historical_built_sqm": 795,
          "current_built_sqm": 1183,
          "change_pct": 39,
          "unapproved_construction_flag": false,
          "encroachment_distance_m": 0.0,
          "detected_features": "Permitted spatial footprint matches town planning sanction."
        },
        "ownerId": "CIT-039",
        "surveyNumber": "27/5"
      },
      "geometry": {
        "type": "Polygon",
        "coordinates": [
          [
            [
              80.96893,
              26.820426
            ],
            [
              80.971941,
              26.820185
            ],
            [
              80.972101,
              26.817085
            ],
            [
              80.96893,
              26.817322
            ],
            [
              80.96893,
              26.820426
            ]
          ]
        ]
      }
    },
    {
      "type": "Feature",
      "id": "PARCEL-111",
      "properties": {
        "ulpin": "27250010045431",
        "survey_no": "90/1A",
        "village": "Wagholi",
        "taluka": "Haveli",
        "district": "Pune",
        "state": "Maharashtra",
        "record_type": "7/12 & 8A",
        "native_unit": "1.42 Ha (140.6 Gunthas)",
        "area_sqm": 14223,
        "area_acres": 3.515,
        "owner_name": "Ganesh Manjunath Hegde",
        "zone_type": "Industrial (I-1)",
        "status": "Clear Title",
        "tax_status": "Paid",
        "encumbrance_status": "Clear",
        "dispute_status": "None",
        "health_score": 69,
        "risk_grade": "B (Moderate Risk)",
        "risk_factors": [
          {
            "category": "Title",
            "severity": "Low",
            "description": "Boundary verification verified."
          }
        ],
        "utilities": {
          "water_connection": true,
          "water_pipe_dia_mm": 100,
          "electricity_load_kw": 50,
          "sewage_connected": true,
          "telecom_fiber": true
        },
        "valuation": {
          "circle_rate_per_sqm": 2874,
          "market_rate_per_sqm": 6658,
          "total_valuation_inr": 94696734
        },
        "satellite_change": {
          "baseline_year": 2020,
          "current_year": 2024,
          "historical_built_sqm": 1706,
          "current_built_sqm": 1792,
          "change_pct": 4,
          "unapproved_construction_flag": false,
          "encroachment_distance_m": 0.0,
          "detected_features": "Permitted spatial footprint matches town planning sanction."
        },
        "ownerId": "CIT-060",
        "surveyNumber": "90/1A"
      },
      "geometry": {
        "type": "Polygon",
        "coordinates": [
          [
            [
              73.961723,
              18.558184
            ],
            [
              73.964044,
              18.558206
            ],
            [
              73.964243,
              18.555266
            ],
            [
              73.961723,
              18.555479
            ],
            [
              73.961723,
              18.558184
            ]
          ]
        ]
      }
    }
  ]
}